Module,Function,Haskell,Gallina,Proofs
CSE,addBinder,8,132,
CSE,addBinders,8,,
CSE,addBinding,30,,
CSE,addRecBinders,8,,
CSE,combineAlts,30,42,
CSE,csEnvSubst,4,2,
CSE,cs_map,,3,
CSE,cs_rec_map,,3,
CSE,cs_subst,,5,
CSE,cseBind,54,,
CSE,cseCase,50,,
CSE,cseExpr,26,125,
CSE,cseOneExpr,6,7,
CSE,cseProgram,4,4,
CSE,cse_bind,28,,
CSE,emptyCSEnv,6,2,
CSE,extendCSEnv,10,6,
CSE,extendCSRecEnv,6,,
CSE,extendCSSubst,4,10,
CSE,lookupCSEnv,6,5,
CSE,lookupCSRecEnv,6,,
CSE,lookupSubst,4,13,
CSE,noCSE,10,7,
CSE,tryForCSE,16,59,
CSE,Headers and types,274,26,168
Core,,48,,
Core,Here,82,,
Core,StrDmd_size,,7,
Core,absDmd,2,2,
Core,addCaseBndrDmd,12,,
Core,addDemand,2,5,
Core,addRnInScopeSet,4,5,
Core,algTcFields,,22,
Core,algTcGadtSyntax,,22,
Core,algTcRhs,,22,
Core,algTcStupidTheta,,22,
Core,algTyConRhs,3,6,
Core,allDVarSet,2,2,
Core,allVarSet,2,2,
Core,alterDVarEnv,2,3,
Core,alterVarEnv,1,3,
Core,anyDVarEnv,2,2,
Core,anyDVarSet,2,2,
Core,anyVarSet,2,2,
Core,appIsBottom,4,7,
Core,applyRoles,3,,
Core,applyTypeToArg,2,,
Core,applyTysX,9,,
Core,argOneShots,10,32,
Core,argsOneShots,10,,
Core,arityInfo,,3,
Core,axAge,2,,
Core,axF1,2,,
Core,axF2,89,,
Core,binderArgFlag,2,2,
Core,binderKind,2,2,
Core,binderRelevantType_maybe,3,,
Core,binderVar,2,2,
Core,binderVars,2,2,
Core,bindersOf,3,8,
Core,bindersOfBinds,2,3,
Core,bootUnfolding,2,,
Core,boringCxtNotOk,3,2,
Core,boringCxtOk,,2,
Core,botDmd,2,2,
Core,botDmdType,,2,
Core,botRes,,2,
Core,botSig,,2,
Core,bothArgStr,4,7,
Core,bothArgUse,4,,
Core,bothCleanDmd,3,5,
Core,bothDmd,4,5,
Core,bothDmdResult,12,7,
Core,bothDmdType,13,7,
Core,bothExnStr,3,6,
Core,bothStr,13,23,
Core,bothUse,13,,
Core,breakpointFVs,,13,
Core,breakpointId,,13,
Core,buildAlgTyCon,15,,
Core,buildSynTyCon,7,,
Core,cafInfo,,3,
Core,callArityInfo,,3,
Core,canUnfold,44,2,
Core,caseBinder,6,,
Core,castCoercionKind,3,,
Core,catchArgDmd,,2,
Core,checkRecTc,8,12,
Core,checkValidSubst,25,,
Core,chooseOrphanAnchor,23,5,
Core,classATItems,4,6,
Core,classATStuff,,7,
Core,classATs,4,8,
Core,classAllSelIds,4,11,
Core,classArity,2,2,
Core,classBigSig,11,,
Core,classBody,,3,
Core,classDataCon,4,,
Core,classExtraBigSig,10,,
Core,classFunDeps,,3,
Core,classHasFds,2,22,
Core,classKey,,3,
Core,classMethods,4,8,
Core,classMinimalDef,3,6,
Core,classMinimalDefStuff,,7,
Core,className,,3,
Core,classOpItems,4,6,
Core,classOpStuff,,7,
Core,classSCSelId,5,,
Core,classSCSels,,7,
Core,classSCTheta,4,6,
Core,classSCThetaStuff,,7,
Core,classTvsFds,2,2,
Core,classTyCon,,3,
Core,classTyVars,,3,
Core,classifyPredType,8,,
Core,cleanEvalDmd,2,2,
Core,cleanEvalProdDmd,3,2,
Core,cleanUseDmd_maybe,3,2,
Core,cloneTyVarBndr,11,,
Core,cloneTyVarBndrs,7,,
Core,closeOverKinds,2,,
Core,closeOverKindsDSet,2,,
Core,closeOverKindsFV,3,,
Core,closeOverKindsList,2,,
Core,cmpAlt,2,6,
Core,cmpAltCon,23,18,
Core,coAxNthLHS,3,,
Core,coHoleCoVar,8,,
Core,coVarDetails,2,,
Core,coVarKind,4,,
Core,coVarKindsTypesRole,10,,
Core,coVarName,2,,
Core,coVarRole,12,,
Core,coVarTypes,4,,
Core,coVarsOfCo,20,,
Core,coVarsOfCoVar,2,,
Core,coVarsOfCos,2,,
Core,coVarsOfProv,5,,
Core,coVarsOfType,11,,
Core,coVarsOfTypes,2,,
Core,coercionKind,59,,
Core,coercionKindRole,53,,
Core,coercionKinds,2,,
Core,coercionRole,2,,
Core,coercionSize,19,,
Core,coercionType,3,,
Core,collectAnnArgs,6,12,
Core,collectAnnArgsTicks,9,13,
Core,collectAnnBndrs,6,11,
Core,collectArgs,6,8,
Core,collectArgsTicks,9,10,
Core,collectBinders,1,8,
Core,collectNAnnBndrs,7,17,
Core,collectNBinders,27,13,
Core,collectTyAndValBinders,1,,
Core,collectTyBinders,1,18,
Core,collectValBinders,1,12,
Core,composeSteppers,7,,
Core,composeTCvSubst,6,,
Core,composeTCvSubstEnv,9,,
Core,coreView,7,,
Core,cprProdDmdType,3,2,
Core,cprProdRes,2,2,
Core,cprProdSig,2,2,
Core,cprSumRes,2,2,
Core,dVarEnvElts,2,2,
Core,dVarSetElems,2,2,
Core,dVarSetElemsWellScoped,2,,
Core,dVarSetIntersectVarSet,2,2,
Core,dVarSetMinusVarSet,2,2,
Core,dVarSetToVarSet,2,2,
Core,dataConBoxer,3,7,
Core,dataConCannotMatch,12,,
Core,dataConEqSpec,19,,
Core,dataConExTyVars,2,,
Core,dataConFieldLabels,2,2,
Core,dataConFieldType,4,,
Core,dataConFieldType_maybe,4,,
Core,dataConFullSig,6,,
Core,dataConIdentity,6,,
Core,dataConImplBangs,5,19,
Core,dataConImplicitTyThings,7,,
Core,dataConInstArgTys,10,,
Core,dataConIsInfix,2,2,
Core,dataConName,2,2,
Core,dataConOrigArgTys,2,,
Core,dataConOrigResTy,2,,
Core,dataConOrigTyCon,4,,
Core,dataConRepArgTys,8,,
Core,dataConRepArity,2,2,
Core,dataConRepStrictness,4,,
Core,dataConRepType,2,2,
Core,dataConSig,4,,
Core,dataConSourceArity,2,2,
Core,dataConSrcBangs,2,2,
Core,dataConStupidTheta,2,2,
Core,dataConTag,2,2,
Core,dataConTagZ,2,2,
Core,dataConTheta,3,,
Core,dataConTyCon,2,2,
Core,dataConUnivAndExTyVars,3,3,
Core,dataConUnivTyVars,2,2,
Core,dataConUserTyVarBinders,2,2,
Core,dataConUserTyVars,2,2,
Core,dataConUserTyVarsArePermuted,5,47,
Core,dataConUserType,8,,
Core,dataConWorkId,2,2,
Core,dataConWrapId,4,6,
Core,dataConWrapId_maybe,4,6,
Core,data_cons,,14,
Core,dcEqSpec,,3,
Core,dcExTyVars,,3,
Core,dcFields,,3,
Core,dcInfix,,3,
Core,dcName,,3,
Core,dcOrigArgTys,,3,
Core,dcOrigResTy,,3,
Core,dcOtherTheta,,3,
Core,dcPromoted,,3,
Core,dcRep,,3,
Core,dcRepArity,,3,
Core,dcRepTyCon,,3,
Core,dcRepType,,3,
Core,dcSourceArity,,4,
Core,dcSrcBangs,,3,
Core,dcStupidTheta,,4,
Core,dcTag,,3,
Core,dcUnique,,3,
Core,dcUnivTyVars,,3,
Core,dcUserTyVarBinders,,4,
Core,dcVanilla,,3,
Core,dcWorkId,,3,
Core,dcr_arg_tys,,7,
Core,dcr_bangs,,7,
Core,dcr_boxer,,7,
Core,dcr_stricts,,7,
Core,deAnnAlt,2,2,
Core,deAnnBind,3,28,
Core,deAnnotate,2,2,
Core,deAnnotate',13,,
Core,deTagAlt,2,33,
Core,deTagBind,3,10,
Core,deTagExpr,11,24,
Core,debugPprType,2,,
Core,debug_ppr_ty,32,,
Core,decomposeCo,3,,
Core,decomposeFunCo,6,,
Core,defaultDmd,3,2,
Core,deferAfterIO,7,6,
Core,delBinderVar,2,,
Core,delBndrL,5,7,
Core,delBndrR,,7,
Core,delBndrsL,5,7,
Core,delBndrsR,,7,
Core,delDVarEnv,2,2,
Core,delDVarEnvList,2,2,
Core,delDVarSet,2,2,
Core,delDVarSetList,2,2,
Core,delInScopeSet,2,5,
Core,delVarEnv,1,2,
Core,delVarEnvList,1,2,
Core,delVarEnv_Directly,1,2,
Core,delVarSet,1,2,
Core,delVarSetByKey,1,2,
Core,delVarSetList,1,2,
Core,demandInfo,,3,
Core,disjointDVarSet,2,2,
Core,disjointVarEnv,43,2,
Core,disjointVarSet,1,2,
Core,dmdTransformDataConSig,16,,
Core,dmdTransformDictSelSig,12,55,
Core,dmdTransformSig,3,6,
Core,dmdTypeDepth,2,2,
Core,downgradeRole,7,,
Core,downgradeRole_maybe,9,,
Core,dropForAlls,6,,
Core,dropRuntimeRepArgs,2,,
Core,elemDVarEnv,2,2,
Core,elemDVarSet,2,2,
Core,elemInScopeSet,2,5,
Core,elemVarEnv,1,2,
Core,elemVarEnvByKey,1,2,
Core,elemVarSet,1,2,
Core,elemVarSetByKey,1,2,
Core,emptyCvSubstEnv,2,,
Core,emptyDVarEnv,2,2,
Core,emptyDVarSet,2,2,
Core,emptyDmdEnv,2,2,
Core,emptyInScopeSet,2,2,
Core,emptyLiftingContext,2,,
Core,emptyRuleEnv,25,2,
Core,emptyRuleInfo,2,2,
Core,emptyTCvSubst,2,,
Core,emptyTidyEnv,7,2,
Core,emptyTvSubstEnv,2,,
Core,emptyVarEnv,1,2,
Core,emptyVarSet,1,2,
Core,ensureArgs,9,9,
Core,envL,,3,
Core,envR,,3,
Core,eqCoercion,2,,
Core,eqCoercionX,6,,
Core,eqHsBang,7,,
Core,eqRelRole,6,,
Core,eqSpecPair,2,2,
Core,eqSpecPreds,3,,
Core,eqSpecTyVar,2,2,
Core,eqSpecType,2,2,
Core,eqType,2,,
Core,eqTypeX,2,,
Core,eqTypes,2,,
Core,eqVarBndrs,7,,
Core,equalityTyCon,4,,
Core,evalDmd,2,2,
Core,evaldUnfolding,3,,
Core,exnDmdType,,2,
Core,exnRes,,2,
Core,exnSig,,2,
Core,expandSynTyCon_maybe,,14,
Core,expandTypeSynonyms,73,,
Core,expandUnfolding_maybe,3,2,
Core,exprToCoercion_maybe,3,2,
Core,exprToType,3,,
Core,extendCvSubst,3,,
Core,extendCvSubstWithClone,7,,
Core,extendDVarEnv,2,2,
Core,extendDVarEnvList,2,3,
Core,extendDVarEnv_C,2,3,
Core,extendDVarSet,2,2,
Core,extendDVarSetList,2,2,
Core,extendInScopeSet,3,5,
Core,extendInScopeSetList,4,8,
Core,extendInScopeSetSet,3,6,
Core,extendLiftingContext,7,,
Core,extendLiftingContextEx,10,,
Core,extendTCvInScope,3,,
Core,extendTCvInScopeList,3,,
Core,extendTCvInScopeSet,3,,
Core,extendTCvSubst,8,,
Core,extendTvSubst,3,,
Core,extendTvSubstAndInScope,5,,
Core,extendTvSubstBinderAndInScope,5,,
Core,extendTvSubstList,3,,
Core,extendTvSubstWithClone,7,,
Core,extendVarEnv,1,2,
Core,extendVarEnvList,1,2,
Core,extendVarEnv_Acc,1,3,
Core,extendVarEnv_C,1,3,
Core,extendVarEnv_Directly,1,3,
Core,extendVarSet,2,2,
Core,extendVarSetList,,2,
Core,f,17,,
Core,famTcFlav,,22,
Core,famTcInj,,22,
Core,famTcParent,,22,
Core,famTcResVar,,22,
Core,famTyConFlav_maybe,3,6,
Core,fieldsOfAlgTcRhs,5,7,
Core,filterDVarEnv,2,2,
Core,filterDVarSet,2,2,
Core,filterEqSpec,109,7,
Core,filterOutInvisibleTypes,2,,
Core,filterVarEnv,1,2,
Core,filterVarEnv_Directly,1,3,
Core,filterVarSet,1,2,
Core,findIdDemand,81,5,
Core,fixVarSet,7,7,
Core,flattenBinds,4,7,
Core,foldDVarEnv,2,2,
Core,foldDVarSet,2,2,
Core,freshNames,13,,
Core,funArgTy,4,,
Core,funResultTy,4,,
Core,g,51,,
Core,getCastedTyVar_maybe,6,,
Core,getClassPredTys,4,,
Core,getClassPredTys_maybe,4,,
Core,getCoVar_maybe,3,,
Core,getCvSubstEnv,2,,
Core,getEqPredRole,2,,
Core,getEqPredTys,8,,
Core,getEqPredTys_maybe,7,,
Core,getHelpfulOccName,10,,
Core,getInScopeVars,2,2,
Core,getRuntimeRep,5,,
Core,getRuntimeRepFromKind,7,,
Core,getRuntimeRepFromKind_maybe,10,,
Core,getRuntimeRep_maybe,3,,
Core,getStrDmd,2,2,
Core,getTCvInScope,2,,
Core,getTCvSubstRangeFVs,6,,
Core,getTvSubstEnv,2,,
Core,getTyVar,4,,
Core,getTyVar_maybe,3,,
Core,getUseDmd,4,2,
Core,globaliseId,2,5,
Core,hasDemandEnvSig,2,2,
Core,hasSomeUnfolding,4,2,
Core,idDetails,3,2,
Core,idInfo,3,2,
Core,idScope,,3,
Core,id_details,,3,
Core,inRnEnvL,3,5,
Core,inRnEnvR,,5,
Core,in_scope,,46,
Core,increaseStrictSigArity,3,7,
Core,initRecTc,2,2,
Core,injectiveVarsOfBinder,7,,
Core,injectiveVarsOfType,18,,
Core,inlinePragInfo,,3,
Core,instCoercion,13,,
Core,instCoercions,10,,
Core,instNewTyCon_maybe,15,,
Core,intersectDVarSet,2,2,
Core,intersectVarSet,1,2,
Core,intersectsDVarSet,2,2,
Core,intersectsVarEnv,1,2,
Core,intersectsVarSet,,2,
Core,isAbsDmd,3,2,
Core,isAbstractClass,12,6,
Core,isAbstractTyCon,3,6,
Core,isAlgTyCon,3,6,
Core,isAlgType,6,,
Core,isAnonTyBinder,3,,
Core,isAutoRule,3,6,
Core,isBanged,4,7,
Core,isBootUnfolding,3,2,
Core,isBotRes,4,7,
Core,isBottomingSig,2,2,
Core,isBoxedTupleTyCon,5,10,
Core,isBuiltInSynFamTyCon_maybe,4,6,
Core,isBuiltinRule,3,6,
Core,isCTupleClass,2,,
Core,isCheapUnfolding,3,2,
Core,isClassPred,14,,
Core,isClassTyCon,3,6,
Core,isClosedSynFamilyTyConWithAxiom_maybe,4,,
Core,isCoVar,3,2,
Core,isCoVarDetails,3,2,
Core,isCoVar_maybe,3,,
Core,isCoercionTy,3,,
Core,isCoercionTy_maybe,3,,
Core,isCoercionType,6,,
Core,isCompulsoryUnfolding,3,2,
Core,isConLikeUnfolding,4,2,
Core,isDataFamFlav,3,2,
Core,isDataFamilyAppType,4,,
Core,isDataFamilyTyCon,3,6,
Core,isDataProductTyCon_maybe,10,,
Core,isDataSumTyCon_maybe,12,,
Core,isDataTyCon,10,13,
Core,isDictLikeTy,20,,
Core,isDictTy,2,,
Core,isEmptyDVarEnv,2,2,
Core,isEmptyDVarSet,2,2,
Core,isEmptyRuleInfo,2,2,
Core,isEmptyTCvSubst,2,,
Core,isEmptyVarEnv,1,2,
Core,isEmptyVarSet,1,2,
Core,isEnumerationTyCon,7,11,
Core,isEvaldUnfolding,4,2,
Core,isExpandableUnfolding,3,2,
Core,isExportedId,4,7,
Core,isFamFreeTy,10,,
Core,isFamFreeTyCon,4,7,
Core,isFamInstTyCon,4,6,
Core,isFamilyTyCon,3,6,
Core,isForAllTy,4,,
Core,isFragileUnfolding,4,2,
Core,isFunTy,2,,
Core,isFunTyCon,3,6,
Core,isGadtSyntaxTyCon,3,6,
Core,isGcPtrRep,4,7,
Core,isGenInjAlgRhs,6,9,
Core,isGenerativeTyCon,4,,
Core,isGlobalId,3,6,
Core,isHyperStr,12,2,
Core,isIPClass,2,,
Core,isIPPred_maybe,6,,
Core,isIPTyCon,2,,
Core,isId,3,2,
Core,isImplicitTyCon,11,15,
Core,isInScope,2,,
Core,isInjectiveTyCon,14,,
Core,isInvisibleArgFlag,2,2,
Core,isInvisibleBinder,3,,
Core,isInvisibleTyConBinder,2,2,
Core,isJoinIdDetails_maybe,5,6,
Core,isKindTyCon,2,,
Core,isLazy,3,2,
Core,isLegacyPromotableDataCon,6,,
Core,isLegacyPromotableTyCon,4,,
Core,isLiftedTypeKind,5,,
Core,isLiftedTypeKindTyConName,5,,
Core,isLiftedType_maybe,8,,
Core,isLocalId,3,6,
Core,isLocalRule,2,2,
Core,isLocalVar,2,2,
Core,isMappedByLC,2,,
Core,isMarkedStrict,3,2,
Core,isNamedTyBinder,3,,
Core,isNamedTyConBinder,3,6,
Core,isNeverLevPolyIdInfo,4,6,
Core,isNewTyCon,3,6,
Core,isNoParent,95,2,
Core,isNonCoVarId,3,2,
Core,isNullaryRepDataCon,2,2,
Core,isNullarySrcDataCon,2,2,
Core,isNumLitTy,4,,
Core,isOpenFamilyTyCon,5,10,
Core,isOpenTypeFamilyTyCon,3,6,
Core,isOrphan,3,2,
Core,isPiTy,5,,
Core,isPredTy,25,,
Core,isPrimTyCon,3,6,
Core,isPrimitiveType,5,,
Core,isProductTyCon,9,,
Core,isPromotedDataCon,3,6,
Core,isPromotedDataCon_maybe,3,6,
Core,isPromotedTupleTyCon,5,,
Core,isReflCo,3,,
Core,isReflCoVar_maybe,7,,
Core,isReflCo_maybe,3,,
Core,isReflexiveCo,2,,
Core,isReflexiveCo_maybe,8,,
Core,isRuntimeArg,2,2,
Core,isRuntimeRepKindedTy,2,,
Core,isRuntimeRepTy,4,,
Core,isRuntimeRepVar,147,,
Core,isRuntimeVar,2,2,
Core,isSeqDmd,3,6,
Core,isSrcStrict,3,2,
Core,isSrcUnpacked,3,2,
Core,isStableSource,4,7,
Core,isStableUnfolding,4,2,
Core,isStrLitTy,4,,
Core,isStrictDmd,4,7,
Core,isStrictType,2,,
Core,isTauTy,10,,
Core,isTauTyCon,3,6,
Core,isTcLevPoly,10,13,
Core,isTcTyCon,3,6,
Core,isTcTyVar,3,2,
Core,isTopDmd,3,6,
Core,isTopDmdType,4,8,
Core,isTopRes,3,2,
Core,isTopSig,2,2,
Core,isTupleDataCon,2,2,
Core,isTupleTyCon,3,6,
Core,isTyCoArg,4,2,
Core,isTyCoVar,2,9,
Core,isTyConAssoc,2,2,
Core,isTyConWithSrcDataCons,12,14,
Core,isTyVar,4,2,
Core,isTyVarTy,2,,
Core,isTypeArg,3,2,
Core,isTypeFamilyTyCon,3,6,
Core,isTypeLevPoly,13,,
Core,isTypeSynonymTyCon,3,6,
Core,isUnboxedSumCon,2,3,
Core,isUnboxedSumTyCon,5,10,
Core,isUnboxedSumType,3,,
Core,isUnboxedTupleCon,2,3,
Core,isUnboxedTupleTyCon,5,11,
Core,isUnboxedTupleType,3,,
Core,isUnlifted,,22,
Core,isUnliftedTyCon,10,21,
Core,isUnliftedType,4,,
Core,isUnliftedTypeKind,5,,
Core,isUsedMU,4,7,
Core,isUsedOnce,4,2,
Core,isUsedU,6,15,
Core,isValArg,2,2,
Core,isValidJoinPointType,13,,
Core,isValidTCvSubst,7,,
Core,isValueUnfolding,3,2,
Core,isVanillaAlgTyCon,3,6,
Core,isVanillaDataCon,2,2,
Core,isVisibleArgFlag,3,2,
Core,isVisibleBinder,4,,
Core,isVisibleTcbVis,3,6,
Core,isVisibleTyConBinder,2,2,
Core,isVoidRep,3,2,
Core,isWeakDmd,2,2,
Core,is_TYPE,11,,
Core,is_enum,,16,
Core,kf_abs,,3,
Core,kf_called_once,,3,
Core,kf_used_once,,3,
Core,killFlags,8,7,
Core,killUsageDemand,4,6,
Core,killUsageSig,9,9,
Core,kill_usage,2,5,
Core,kindTyConKeys,8,,
Core,lazyApply1Dmd,9,2,
Core,lazyApply2Dmd,,2,
Core,lazySetIdInfo,2,5,
Core,lcInScopeSet,2,,
Core,lcSubstLeft,2,,
Core,lcSubstRight,2,,
Core,lcTCvSubst,2,,
Core,levityInfo,,3,
Core,liftCoSubst,4,,
Core,liftCoSubstTyVar,6,,
Core,liftCoSubstVarBndr,7,,
Core,liftCoSubstVarBndrCallback,13,,
Core,liftCoSubstWith,3,,
Core,liftCoSubstWithEx,10,,
Core,liftEnvSubst,16,,
Core,liftEnvSubstLeft,2,,
Core,liftEnvSubstRight,2,,
Core,lookupCoVar,2,,
Core,lookupDVarEnv,2,2,
Core,lookupInScope,2,5,
Core,lookupInScope_Directly,3,5,
Core,lookupRnInScope,2,2,
Core,lookupTyConFieldLabel,2,,
Core,lookupTyVar,4,,
Core,lookupVarEnv,1,2,
Core,lookupVarEnv_Directly,1,2,
Core,lookupVarEnv_NF,1,6,
Core,lookupVarSet,1,2,
Core,lookupVarSetByName,1,2,
Core,lookupVarSet_Directly,1,2,
Core,lookupWithDefaultVarEnv,1,2,
Core,ltAlt,2,3,
Core,ltRole,6,,
Core,lubArgStr,4,7,
Core,lubArgUse,4,,
Core,lubCPR,5,11,
Core,lubCount,4,7,
Core,lubDmd,4,5,
Core,lubDmdResult,7,10,
Core,lubDmdType,11,9,
Core,lubExnStr,3,6,
Core,lubStr,13,23,
Core,lubUse,13,,
Core,makeRecoveryTyCon,6,14,
Core,mapCoercion,48,,
Core,mapDVarEnv,2,2,
Core,mapStepResult,5,,
Core,mapType,21,,
Core,mapUnionDVarSet,2,3,
Core,mapUnionVarSet,1,3,
Core,mapVarEnv,1,2,
Core,mapVarSet,2,,
Core,markExnStr,3,6,
Core,markReused,4,12,
Core,markReusedDmd,3,6,
Core,mayHaveCafRefs,5,2,
Core,maybeSubCo,3,,
Core,maybeUnfoldingTemplate,7,2,
Core,mightBeUnsaturatedTyCon,2,2,
Core,minusDVarEnv,2,2,
Core,minusDVarSet,2,2,
Core,minusVarEnv,1,2,
Core,minusVarSet,1,2,
Core,mkAbstractClass,11,,
Core,mkAlgTyCon,27,,
Core,mkAnonBinder,2,,
Core,mkAnonTyConBinder,2,2,
Core,mkAnonTyConBinders,2,6,
Core,mkAppCo,20,,
Core,mkAppCos,4,,
Core,mkAppTy,3,,
Core,mkAppTys,4,,
Core,mkApps,1,2,
Core,mkAxInstCo,21,,
Core,mkAxInstLHS,13,,
Core,mkAxInstRHS,12,,
Core,mkAxiomInstCo,4,,
Core,mkAxiomRuleCo,2,,
Core,mkBothDmdArg,2,2,
Core,mkCallDmd,3,2,
Core,mkCastTy,4,,
Core,mkCharLit,1,2,
Core,mkClass,22,,
Core,mkClassPred,2,,
Core,mkClassTyCon,7,,
Core,mkCleanAnonTyConBinders,6,,
Core,mkClosedStrictSig,2,2,
Core,mkCoApps,1,,
Core,mkCoBind,2,,
Core,mkCoCast,9,,
Core,mkCoVar,2,,
Core,mkCoVarCo,2,,
Core,mkCoVarCos,2,,
Core,mkCoercionTy,2,,
Core,mkCoercionType,8,,
Core,mkCoherenceCo,5,,
Core,mkCoherenceLeftCo,5,,
Core,mkCoherenceRightCo,2,,
Core,mkConApp,6,2,
Core,mkConApp2,4,4,
Core,mkDVarEnv,2,2,
Core,mkDVarSet,2,2,
Core,mkDataCon,69,,
Core,mkDmdType,2,20,
Core,mkDoubleLit,1,2,
Core,mkDoubleLitDouble,3,,
Core,mkEmptyTCvSubst,2,,
Core,mkEqSpec,2,2,
Core,mkExportedLocalVar,3,,
Core,mkFamilyTyCon,17,,
Core,mkFamilyTyConApp,9,,
Core,mkFloatLit,1,5,
Core,mkFloatLitFloat,3,,
Core,mkForAllCo,7,,
Core,mkForAllCos,7,,
Core,mkForAllTy,2,,
Core,mkForAllTys,2,,
Core,mkForAllTys',4,,
Core,mkFunCo,6,,
Core,mkFunCos,2,,
Core,mkFunTy,2,,
Core,mkFunTyCon,11,4,
Core,mkFunTys,2,,
Core,mkGlobalVar,3,2,
Core,mkHeadStrict,2,2,
Core,mkHeteroCoercionType,4,,
Core,mkHeteroPrimEqPred,2,,
Core,mkHeteroReprPrimEqPred,3,,
Core,mkHoleCo,2,,
Core,mkHomoForAllCos,4,,
Core,mkHomoForAllCos_NoRefl,4,,
Core,mkHomoPhantomCo,6,,
Core,mkInScopeSet,2,2,
Core,mkInstCo,4,,
Core,mkInt64LitInt64,2,,
Core,mkIntLit,1,,
Core,mkIntLitInt,3,,
Core,mkInvForAllTy,3,,
Core,mkInvForAllTys,3,,
Core,mkJointDmd,2,2,
Core,mkJointDmds,16,3,
Core,mkKindCo,12,,
Core,mkKindTyCon,7,,
Core,mkLRCo,3,,
Core,mkLamType,1,,
Core,mkLamTypes,5,,
Core,mkLams,3,6,
Core,mkLet,3,6,
Core,mkLetNonRec,2,2,
Core,mkLetRec,3,6,
Core,mkLets,1,2,
Core,mkLiftedPrimTyCon,6,,
Core,mkLiftingContext,4,,
Core,mkLocalVar,3,7,
Core,mkManyUsedDmd,,2,
Core,mkNamedTyConBinder,2,2,
Core,mkNamedTyConBinders,2,2,
Core,mkNoCount,5,,
Core,mkNoScope,5,,
Core,mkNomReflCo,2,,
Core,mkNthCo,27,,
Core,mkNthCoRole,6,,
Core,mkNumLitTy,2,,
Core,mkOnceUsedDmd,3,2,
Core,mkOtherCon,2,,
Core,mkPatSyn,28,,
Core,mkPhantomCo,3,,
Core,mkPiCo,3,,
Core,mkPiCos,2,,
Core,mkPiTy,3,,
Core,mkPiTys,2,,
Core,mkPrelTyConRepName,10,46,
Core,mkPrimEqPred,6,,
Core,mkPrimEqPredRole,4,,
Core,mkPrimTyCon,5,,
Core,mkPrimTyCon',16,,
Core,mkProdDmd,4,3,
Core,mkPromotedDataCon,16,,
Core,mkProofIrrelCo,8,,
Core,mkReflCo,3,,
Core,mkRepReflCo,2,,
Core,mkReprPrimEqPred,6,,
Core,mkRnEnv2,4,2,
Core,mkRuleEnv,2,16,
Core,mkRuntimeRepCo,5,,
Core,mkSCall,3,2,
Core,mkSProd,5,5,
Core,mkSpecForAllTys,3,,
Core,mkStrLitTy,2,,
Core,mkStrictSig,2,2,
Core,mkStringLit,3,2,
Core,mkSubCo,10,,
Core,mkSubstLiftingContext,2,,
Core,mkSumTyCon,25,,
Core,mkSymCo,5,,
Core,mkSynonymTyCon,16,,
Core,mkTCvSubst,2,,
Core,mkTcTyCon,16,,
Core,mkTcTyVar,8,,
Core,mkTransAppCo,49,,
Core,mkTransCo,4,,
Core,mkTupleTyCon,26,,
Core,mkTvSubst,2,,
Core,mkTvSubstPrs,9,,
Core,mkTyApps,1,,
Core,mkTyArg,4,,
Core,mkTyBind,2,,
Core,mkTyCoInScopeSet,3,,
Core,mkTyConApp,7,,
Core,mkTyConAppCo,11,,
Core,mkTyConBindersPreferAnon,14,,
Core,mkTyConKind,6,,
Core,mkTyConTy,2,,
Core,mkTyVar,5,,
Core,mkTyVarBinder,2,,
Core,mkTyVarBinders,2,,
Core,mkTyVarTy,3,,
Core,mkTyVarTys,3,,
Core,mkUCall,2,2,
Core,mkUProd,4,5,
Core,mkUnbranchedAxInstCo,4,,
Core,mkUnbranchedAxInstLHS,2,,
Core,mkUnbranchedAxInstRHS,2,,
Core,mkUnivCo,8,,
Core,mkUnsafeCo,3,,
Core,mkVarApps,1,2,
Core,mkVarEnv,1,2,
Core,mkVarEnv_Directly,1,2,
Core,mkVarSet,1,2,
Core,mkVisForAllTys,3,,
Core,mkWord64LitWord64,2,,
Core,mkWordLit,1,,
Core,mkWordLitWord,3,,
Core,mkWorkerDemand,4,10,
Core,mk_id,8,3,
Core,modifyDVarEnv,5,6,
Core,modifyJoinResTy,12,,
Core,modifyVarEnv,1,6,
Core,modifyVarEnv_Directly,8,7,
Core,mustHaveLocalBinding,2,2,
Core,needSaturated,3,2,
Core,neverUnfoldGuidance,3,2,
Core,newTyConCo,4,6,
Core,newTyConCo_maybe,3,6,
Core,newTyConDataCon_maybe,3,6,
Core,newTyConEtadArity,4,8,
Core,newTyConEtadRhs,3,7,
Core,newTyConInstRhs,6,,
Core,newTyConRhs,4,6,
Core,nextRole,8,,
Core,noCafIdInfo,3,2,
Core,noFreeVarsOfCo,21,,
Core,noFreeVarsOfProv,11,,
Core,noFreeVarsOfType,9,,
Core,noUnfolding,1,2,
Core,nonDetCmpTc,7,,
Core,nonDetCmpType,5,,
Core,nonDetCmpTypeX,64,,
Core,nonDetCmpTypes,9,,
Core,nonDetCmpTypesX,6,,
Core,nonDetCmpVar,8,2,
Core,nopDmdType,4,2,
Core,nopSig,4,2,
Core,notElemTCvSubst,6,,
Core,notOrphan,3,2,
Core,nt_co,,16,
Core,nt_etad_rhs,,16,
Core,nt_rhs,,16,
Core,nthRole,5,,
Core,nukeRnEnvL,3,3,
Core,nukeRnEnvR,,3,
Core,occInfo,,3,
Core,okParent,5,8,
Core,oneShotInfo,,3,
Core,oneifyDmd,3,6,
Core,otherCons,3,2,
Core,partitionDVarEnv,2,3,
Core,partitionDVarSet,2,,
Core,partitionInvisibles,12,,
Core,partitionVarEnv,1,6,
Core,partitionVarSet,7,,
Core,patSynArgs,2,2,
Core,patSynArity,2,2,
Core,patSynBuilder,2,2,
Core,patSynExTyVarBinders,2,2,
Core,patSynExTyVars,2,8,
Core,patSynFieldLabels,2,2,
Core,patSynFieldType,5,10,
Core,patSynInstArgTys,9,,
Core,patSynInstResTy,7,,
Core,patSynIsInfix,2,2,
Core,patSynMatcher,2,2,
Core,patSynName,2,2,
Core,patSynSig,5,,
Core,patSynUnivTyVarBinders,2,2,
Core,peelCallDmd,11,12,
Core,peelFV,6,7,
Core,peelManyCalls,13,31,
Core,peelUseCall,3,6,
Core,piResultTy,4,,
Core,piResultTy_maybe,11,,
Core,piResultTys,27,,
Core,pluralVarSet,2,,
Core,plusDVarEnv,2,2,
Core,plusDVarEnv_C,2,3,
Core,plusMaybeVarEnv_C,1,3,
Core,plusVarEnv,1,2,
Core,plusVarEnvList,1,2,
Core,plusVarEnv_C,1,3,
Core,plusVarEnv_CD,1,3,
Core,postProcessDmd,12,18,
Core,postProcessDmdEnv,6,14,
Core,postProcessDmdResult,4,7,
Core,postProcessDmdType,8,12,
Core,postProcessUnsat,5,7,
Core,ppArityInfo,4,,
Core,ppCafInfo,3,,
Core,ppSuggestExplicitKinds,5,,
Core,pprClassPred,2,,
Core,pprCo,3,,
Core,pprCoAxBranch,9,,
Core,pprCoAxBranchHdr,2,,
Core,pprCoAxiom,4,,
Core,pprDataConWithArgs,8,,
Core,pprDataCons,5,,
Core,pprDefMethInfo,5,,
Core,pprForAll,2,,
Core,pprFunDep,6,,
Core,pprFundeps,3,,
Core,pprIdDetails,31,,
Core,pprIfaceStrictSig,3,,
Core,pprKind,3,,
Core,pprParendTheta,2,,
Core,pprPatSynType,13,,
Core,pprPrecType,6,,
Core,pprPromotionQuote,20,6,
Core,pprShortTyThing,3,,
Core,pprSigmaType,2,,
Core,pprSourceTyCon,6,,
Core,pprStrictness,6,,
Core,pprTheta,2,,
Core,pprThetaArrowTy,6,,
Core,pprTvBndr,2,,
Core,pprTvBndrs,2,,
Core,pprTyLit,2,,
Core,pprTyThingCategory,2,,
Core,pprTyVar,13,,
Core,pprTyVars,2,,
Core,pprType,3,,
Core,pprTypeApp,4,,
Core,pprUserForAll,2,,
Core,pprUserTypeErrorTy,15,,
Core,pprVarSet,8,,
Core,ppr_co_ax_branch,19,,
Core,ppr_debug,8,,
Core,ppr_id_scope,16,,
Core,predTypeEqRel,7,,
Core,primElemRepSizeB,11,14,
Core,primRepIsFloat,5,8,
Core,primRepName,,22,
Core,primRepSizeB,12,,
Core,profNoteCC,,13,
Core,profNoteCount,,13,
Core,profNoteScope,,13,
Core,promoteCoercion,62,,
Core,promoteDataCon,3,2,
Core,provSize,5,,
Core,psArgs,,3,
Core,psArity,,3,
Core,psBuilder,,3,
Core,psExTyVars,,3,
Core,psFieldLabels,,3,
Core,psInfix,,3,
Core,psMatcher,,3,
Core,psName,,3,
Core,psProvTheta,,3,
Core,psReqTheta,,3,
Core,psResultTy,,3,
Core,psUnique,,3,
Core,psUnivTyVars,,3,
Core,re_base,,3,
Core,re_visible_orphs,,3,
Core,realUnique,,3,
Core,removeDmdTyArgs,2,2,
Core,repGetTyVar_maybe,3,,
Core,repSplitAppTy_maybe,13,,
Core,repSplitAppTys,17,,
Core,repSplitTyConApp_maybe,7,,
Core,resTypeArgDmd,20,2,
Core,restrictVarEnv,1,8,
Core,resultIsLevPoly,2,,
Core,retCPR_maybe,4,7,
Core,returnsCPR_maybe,3,2,
Core,reuseEnv,3,2,
Core,rhssOfAlts,2,4,
Core,rhssOfBind,3,8,
Core,rnBndr2,2,2,
Core,rnBndr2_var,9,11,
Core,rnBndrL,7,8,
Core,rnBndrR,7,8,
Core,rnBndrs2,2,2,
Core,rnEnvL,2,2,
Core,rnEnvR,2,2,
Core,rnEtaL,7,8,
Core,rnEtaR,7,8,
Core,rnInScope,2,2,
Core,rnInScopeSet,2,2,
Core,rnOccL,3,5,
Core,rnOccL_maybe,3,5,
Core,rnOccR,,5,
Core,rnOccR_maybe,,5,
Core,rnSwap,4,2,
Core,ru_act,,7,
Core,ru_args,,7,
Core,ru_auto,,7,
Core,ru_bndrs,,7,
Core,ru_fn,,5,
Core,ru_local,,7,
Core,ru_name,,5,
Core,ru_nargs,,7,
Core,ru_origin,,7,
Core,ru_orphan,,7,
Core,ru_rough,,7,
Core,ru_try,,7,
Core,ruleActivation,3,6,
Core,ruleArity,3,6,
Core,ruleIdName,2,2,
Core,ruleInfo,,3,
Core,ruleInfoFreeVars,2,2,
Core,ruleInfoRules,2,2,
Core,ruleModule,3,6,
Core,ruleName,2,2,
Core,sameVis,8,8,
Core,saturatedByOneShots,9,18,
Core,sd,,3,
Core,sel_naughty,,31,
Core,seqArgStr,3,2,
Core,seqArgUse,3,2,
Core,seqArgUseList,3,2,
Core,seqCPRResult,4,2,
Core,seqCo,21,,
Core,seqCos,3,,
Core,seqDVarSet,2,2,
Core,seqDemand,2,2,
Core,seqDemandList,3,2,
Core,seqDmd,2,2,
Core,seqDmdEnv,2,2,
Core,seqDmdResult,4,2,
Core,seqDmdType,3,2,
Core,seqProv,5,,
Core,seqStrDmd,4,2,
Core,seqStrDmdList,3,2,
Core,seqStrictSig,2,2,
Core,seqType,9,,
Core,seqTypes,3,,
Core,seqUseDmd,4,2,
Core,seqVarSet,2,2,
Core,setArityInfo,2,8,
Core,setCafInfo,2,8,
Core,setCallArityInfo,2,8,
Core,setCoVarName,2,,
Core,setCoVarUnique,2,,
Core,setCvSubstEnv,2,,
Core,setDemandInfo,2,8,
Core,setIdDetails,2,5,
Core,setIdExported,4,10,
Core,setIdNotExported,3,9,
Core,setInlinePragInfo,2,8,
Core,setJoinResTy,6,,
Core,setLevityInfoWithType,6,,
Core,setNeverLevPoly,4,11,
Core,setNominalRole_maybe,34,,
Core,setOccInfo,2,8,
Core,setOneShotInfo,2,8,
Core,setRuleIdName,44,10,
Core,setRuleInfo,2,8,
Core,setRuleInfoHead,7,2,
Core,setStrictnessInfo,2,8,
Core,setTcTyVarDetails,23,,
Core,setTvSubstEnv,2,,
Core,setTyVarKind,2,5,
Core,setTyVarName,2,2,
Core,setTyVarUnique,2,2,
Core,setUnfoldingInfo,4,8,
Core,setVarName,4,6,
Core,setVarType,2,5,
Core,setVarUnique,4,6,
Core,sizeDVarSet,2,2,
Core,sizeVarSet,1,2,
Core,size_AnnExpr',,39,
Core,sourceName,,13,
Core,sourceSpan,,13,
Core,specialPromotedDc,2,,
Core,splitAppCo_maybe,11,,
Core,splitAppTy,4,,
Core,splitAppTy_maybe,4,,
Core,splitAppTys,19,,
Core,splitArgStrProdDmd,3,6,
Core,splitCastTy_maybe,4,,
Core,splitCoercionType_maybe,5,,
Core,splitDmdTy,3,6,
Core,splitFVs,17,17,
Core,splitForAllCo_maybe,3,,
Core,splitForAllTy,4,,
Core,splitForAllTyVarBndrs,6,,
Core,splitForAllTy_maybe,6,,
Core,splitForAllTys,6,,
Core,splitForAllTys',5,,
Core,splitFunCo_maybe,3,,
Core,splitFunTy,4,,
Core,splitFunTy_maybe,4,,
Core,splitFunTys,6,,
Core,splitListTyConApp_maybe,4,,
Core,splitPiTy,4,,
Core,splitPiTy_maybe,7,,
Core,splitPiTys,7,,
Core,splitPiTysInvisible,9,,
Core,splitProdDmd_maybe,19,26,
Core,splitStrProdDmd,32,11,
Core,splitStrictSig,2,2,
Core,splitTyConApp,4,,
Core,splitTyConAppCo_maybe,9,,
Core,splitTyConApp_maybe,3,,
Core,splitUseProdDmd,8,11,
Core,splitVisVarsOfType,18,,
Core,splitVisVarsOfTypes,2,,
Core,strBot,3,2,
Core,strTop,,2,
Core,strictApply1Dmd,,2,
Core,strictSigDmdEnv,2,2,
Core,strictenDmd,10,7,
Core,strictifyDictDmd,133,,
Core,strictnessInfo,,3,
Core,stripCoercionTy,3,,
Core,subDVarSet,2,2,
Core,subVarSet,21,2,
Core,substCo,4,,
Core,substCoUnchecked,4,,
Core,substCoVar,5,,
Core,substCoVarBndr,16,,
Core,substCoVars,2,,
Core,substCoWith,3,,
Core,substCoWithUnchecked,4,,
Core,substCos,4,,
Core,substEqSpec,5,,
Core,substForAllCoBndr,3,,
Core,substForAllCoBndrCallback,19,,
Core,substForAllCoBndrCallbackLC,8,,
Core,substForAllCoBndrUnchecked,3,,
Core,substLeftCo,3,,
Core,substRightCo,3,,
Core,substTheta,2,,
Core,substThetaUnchecked,2,,
Core,substTy,5,,
Core,substTyAddInScope,3,,
Core,substTyUnchecked,4,,
Core,substTyVar,6,,
Core,substTyVarBndr,2,,
Core,substTyVarBndrCallback,16,,
Core,substTyVarBndrUnchecked,2,,
Core,substTyVars,2,,
Core,substTyWith,3,,
Core,substTyWithCoVars,2,,
Core,substTyWithInScope,5,,
Core,substTyWithUnchecked,4,,
Core,substTys,4,,
Core,substTysUnchecked,4,,
Core,substTysWith,3,,
Core,substTysWithCoVars,3,,
Core,subst_co,34,,
Core,subst_ty,17,,
Core,swapLiftCoEnv,2,,
Core,synIsFamFree,,22,
Core,synIsTau,,22,
Core,synTcRhs,,22,
Core,synTyConDefn_maybe,4,6,
Core,synTyConResKind,2,,
Core,synTyConRhs_maybe,3,6,
Core,tcFlavourCanBeUnsaturated,13,16,
Core,tcFlavourIsOpen,13,16,
Core,tcRepName,,20,
Core,tcRepSplitAppTy_maybe,15,,
Core,tcRepSplitTyConApp_maybe,10,,
Core,tcRoles,,16,
Core,tcSplitTyConApp_maybe,3,,
Core,tcTyConFlavour,,22,
Core,tcTyConScopedTyVars,,22,
Core,tcTyVarDetails,4,,
Core,tcView,4,,
Core,tcm_covar,,3,
Core,tcm_hole,,3,
Core,tcm_smart,,3,
Core,tcm_tybinder,,3,
Core,tcm_tyvar,,3,
Core,tickId,,13,
Core,tickModule,,13,
Core,tickishCanSplit,4,,
Core,tickishContains,9,,
Core,tickishCounts,10,,
Core,tickishFloatable,2,2,
Core,tickishIsCode,8,,
Core,tickishPlace,7,10,
Core,tickishScoped,7,10,
Core,tickishScopesLike,7,12,
Core,tidyCo,33,,
Core,tidyCos,2,,
Core,tidyFreeTyCoVars,3,,
Core,tidyKind,2,,
Core,tidyOpenKind,2,,
Core,tidyOpenTyCoVar,7,,
Core,tidyOpenTyCoVars,2,,
Core,tidyOpenType,3,,
Core,tidyOpenTypes,7,,
Core,tidyPatSynIds,5,13,
Core,tidyToIfaceCo,5,,
Core,tidyToIfaceCoSty,4,,
Core,tidyToIfaceType,5,,
Core,tidyToIfaceTypeSty,4,,
Core,tidyTopType,2,,
Core,tidyTyCoVarBndr,10,,
Core,tidyTyCoVarBndrs,6,,
Core,tidyTyVarBinder,6,,
Core,tidyTyVarBinders,3,,
Core,tidyTyVarOcc,5,,
Core,tidyType,13,,
Core,tidyTypes,2,,
Core,toBothDmdArg,6,10,
Core,toCleanDmd,13,,
Core,toPhantomCo,4,,
Core,topDmd,2,2,
Core,topNormaliseNewType_maybe,3,,
Core,topNormaliseTypeX,17,,
Core,topRes,4,2,
Core,toposortTyVars,14,,
Core,transCloDVarSet,13,8,
Core,transCloVarSet,13,8,
Core,trimCPRInfo,11,16,
Core,trimToType,22,,
Core,tup_sort,,16,
Core,tyBinderType,3,,
Core,tyCoFVsBndr,3,,
Core,tyCoFVsOfCo,26,,
Core,tyCoFVsOfCoVar,3,,
Core,tyCoFVsOfCos,3,,
Core,tyCoFVsOfProv,5,,
Core,tyCoFVsOfType,9,,
Core,tyCoFVsOfTypes,3,,
Core,tyCoVarsOfCo,2,,
Core,tyCoVarsOfCoDSet,2,,
Core,tyCoVarsOfCoList,2,,
Core,tyCoVarsOfCos,2,,
Core,tyCoVarsOfCosSet,2,,
Core,tyCoVarsOfProv,2,,
Core,tyCoVarsOfType,2,,
Core,tyCoVarsOfTypeDSet,2,,
Core,tyCoVarsOfTypeList,2,,
Core,tyCoVarsOfTypeWellScoped,2,,
Core,tyCoVarsOfTypes,2,,
Core,tyCoVarsOfTypesDSet,2,,
Core,tyCoVarsOfTypesList,2,,
Core,tyCoVarsOfTypesSet,2,,
Core,tyCoVarsOfTypesWellScoped,2,,
Core,tyConATs,3,,
Core,tyConAppArgN,5,,
Core,tyConAppArgs,2,,
Core,tyConAppArgs_maybe,8,,
Core,tyConAppTyCon,2,,
Core,tyConAppTyConPicky_maybe,4,,
Core,tyConAppTyCon_maybe,5,,
Core,tyConArity,,10,
Core,tyConAssoc_maybe,3,6,
Core,tyConBinderArgFlag,3,6,
Core,tyConBinders,,10,
Core,tyConBindersTyBinders,5,,
Core,tyConCType,,22,
Core,tyConCType_maybe,3,6,
Core,tyConClass_maybe,3,6,
Core,tyConDataCons,2,2,
Core,tyConDataCons_maybe,9,13,
Core,tyConFamInstSig_maybe,4,,
Core,tyConFamInst_maybe,4,15,
Core,tyConFamilyCoercion_maybe,4,6,
Core,tyConFamilyResVar_maybe,3,6,
Core,tyConFamilySize,9,15,
Core,tyConFamilySizeAtMost,10,15,
Core,tyConFieldLabelEnv,4,7,
Core,tyConFieldLabels,2,2,
Core,tyConFlavour,22,29,
Core,tyConInjectivityInfo,8,,
Core,tyConKind,,10,
Core,tyConName,,10,
Core,tyConRepModOcc,35,,
Core,tyConRepName_maybe,14,29,
Core,tyConResKind,,10,
Core,tyConRoles,13,12,
Core,tyConRolesRepresentational,2,,
Core,tyConRolesX,3,,
Core,tyConRuntimeRepInfo,40,,
Core,tyConSingleAlgDataCon_maybe,7,11,
Core,tyConSingleDataCon,5,6,
Core,tyConSingleDataCon_maybe,8,12,
Core,tyConSkolem,2,,
Core,tyConStupidTheta,3,7,
Core,tyConTuple_maybe,4,10,
Core,tyConTyVarBinders,11,,
Core,tyConTyVars,,16,
Core,tyConUnique,,10,
Core,tyConVisibleTyVars,127,7,
Core,tyConsOfType,40,,
Core,tyThingCategory,13,,
Core,tyVarKind,2,2,
Core,tyVarName,2,2,
Core,ty_co_subst,26,,
Core,typeKind,9,,
Core,typeLiteralKind,5,,
Core,typeSize,9,,
Core,ud,,3,
Core,ug_args,,10,
Core,ug_arity,,10,
Core,ug_boring_ok,,10,
Core,ug_res,,10,
Core,ug_size,,10,
Core,ug_unsat_ok,,10,
Core,unSaturatedOk,,2,
Core,unfoldingInfo,,3,
Core,unfoldingTemplate,2,,
Core,unionDVarSet,2,2,
Core,unionDVarSets,2,2,
Core,unionInScope,3,5,
Core,unionTCvSubst,7,,
Core,unionVarSet,1,2,
Core,unionVarSets,1,2,
Core,uniqAway,4,4,
Core,uniqAway',20,21,
Core,unitDVarEnv,2,2,
Core,unitDVarSet,2,2,
Core,unitVarEnv,1,2,
Core,unitVarSet,1,2,
Core,unknownArity,2,2,
Core,unwrapNewTyConEtad_maybe,5,,
Core,unwrapNewTyCon_maybe,6,,
Core,unwrapNewTypeStepper,8,,
Core,updateTyVarKind,2,6,
Core,updateTyVarKindM,4,8,
Core,updateVarType,2,22,
Core,updateVarTypeM,5,8,
Core,useBot,3,2,
Core,useCount,35,7,
Core,useTop,,2,
Core,userTypeError_maybe,5,,
Core,valArgCount,18,2,
Core,valBndrCount,2,2,
Core,vanillaCafInfo,2,2,
Core,vanillaCprProdRes,2,2,
Core,vanillaIdInfo,15,4,
Core,varName,,3,
Core,varSetInScope,2,5,
Core,varToCoreExpr,4,6,
Core,varType,,3,
Core,varUnique,2,2,
Core,varsToCoreExprs,2,2,
Core,visibleDataCons,25,9,
Core,w,37,,
Core,zapCallArityInfo,13,2,
Core,zapDemandInfo,2,8,
Core,zapFragileInfo,8,6,
Core,zapFragileUnfolding,4,2,
Core,zapLamInfo,17,48,
Core,zapLiftingContext,2,,
Core,zapTCvSubst,2,,
Core,zapTailCallInfo,7,19,
Core,zapUsageDemand,6,2,
Core,zapUsageEnvInfo,6,11,
Core,zapUsageEnvSig,2,2,
Core,zapUsageInfo,2,8,
Core,zapUsedOnceDemand,6,2,
Core,zapUsedOnceInfo,4,9,
Core,zapUsedOnceSig,3,3,
Core,zap_musg,7,8,
Core,zap_usg,6,19,
Core,zipCoEnv,8,,
Core,zipCvSubst,9,,
Core,zipTvSubst,9,,
Core,zipTyEnv,4,,
Core,zipVarEnv,1,3,
Core,instance Eq,,485,
Core,instance HasOccName,,4,
Core,instance NamedThing,,40,
Core,instance Ord,,249,
Core,instance Uniquable,,20,
Core,axiomatize CoercionHole,,1,
Core,axiomatize applyRoles,,1,
Core,axiomatize applyTysX,,1,
Core,axiomatize binderRelevantType_maybe,,1,
Core,axiomatize bothArgUse,,1,
Core,axiomatize bothUse,,1,
Core,axiomatize caseBinder,,2,
Core,axiomatize castCoercionKind,,1,
Core,axiomatize checkValidSubst,,3,
Core,axiomatize classifyPredType,,1,
Core,axiomatize cloneTyVarBndr,,2,
Core,axiomatize cloneTyVarBndrs,,2,
Core,axiomatize closeOverKinds,,1,
Core,axiomatize closeOverKindsDSet,,1,
Core,axiomatize closeOverKindsList,,1,
Core,axiomatize coAxNthLHS,,1,
Core,axiomatize coHoleCoVar,,1,
Core,axiomatize coVarKind,,1,
Core,axiomatize coVarKindsTypesRole,,1,
Core,axiomatize coVarName,,1,
Core,axiomatize coVarRole,,1,
Core,axiomatize coVarTypes,,1,
Core,axiomatize coVarsOfCo,,1,
Core,axiomatize coVarsOfCoVar,,1,
Core,axiomatize coVarsOfCos,,1,
Core,axiomatize coVarsOfProv,,1,
Core,axiomatize coVarsOfType,,1,
Core,axiomatize coVarsOfTypes,,1,
Core,axiomatize coercionKind,,1,
Core,axiomatize coercionKindRole,,1,
Core,axiomatize coercionKinds,,1,
Core,axiomatize coercionRole,,1,
Core,axiomatize coercionSize,,1,
Core,axiomatize coercionType,,1,
Core,axiomatize composeSteppers,,2,
Core,axiomatize composeTCvSubst,,1,
Core,axiomatize composeTCvSubstEnv,,3,
Core,axiomatize coreView,,1,
Core,axiomatize dVarSetElemsWellScoped,,1,
Core,axiomatize dataConCannotMatch,,1,
Core,axiomatize debugPprType,,1,
Core,axiomatize debug_ppr_ty,,1,
Core,axiomatize decomposeCo,,1,
Core,axiomatize decomposeFunCo,,1,
Core,axiomatize delBinderVar,,1,
Core,axiomatize downgradeRole,,1,
Core,axiomatize downgradeRole_maybe,,1,
Core,axiomatize dropForAlls,,1,
Core,axiomatize dropRuntimeRepArgs,,1,
Core,axiomatize emptyCvSubstEnv,,1,
Core,axiomatize emptyLiftingContext,,1,
Core,axiomatize emptyTCvSubst,,1,
Core,axiomatize emptyTvSubstEnv,,1,
Core,axiomatize eqCoercion,,1,
Core,axiomatize eqCoercionX,,1,
Core,axiomatize eqRelRole,,1,
Core,axiomatize eqType,,1,
Core,axiomatize eqTypeX,,1,
Core,axiomatize eqTypes,,1,
Core,axiomatize eqVarBndrs,,1,
Core,axiomatize equalityTyCon,,1,
Core,axiomatize expandTypeSynonyms,,1,
Core,axiomatize extendCvSubst,,1,
Core,axiomatize extendCvSubstWithClone,,1,
Core,axiomatize extendLiftingContext,,2,
Core,axiomatize extendLiftingContextEx,,2,
Core,axiomatize extendTCvInScope,,1,
Core,axiomatize extendTCvInScopeList,,1,
Core,axiomatize extendTCvInScopeSet,,1,
Core,axiomatize extendTCvSubst,,1,
Core,axiomatize extendTvSubst,,1,
Core,axiomatize extendTvSubstAndInScope,,1,
Core,axiomatize extendTvSubstBinderAndInScope,,1,
Core,axiomatize extendTvSubstList,,1,
Core,axiomatize extendTvSubstWithClone,,1,
Core,axiomatize filterOutInvisibleTypes,,1,
Core,axiomatize funArgTy,,1,
Core,axiomatize funResultTy,,1,
Core,axiomatize getCastedTyVar_maybe,,1,
Core,axiomatize getClassPredTys,,1,
Core,axiomatize getClassPredTys_maybe,,1,
Core,axiomatize getCoVar_maybe,,1,
Core,axiomatize getCvSubstEnv,,1,
Core,axiomatize getEqPredRole,,1,
Core,axiomatize getEqPredTys,,1,
Core,axiomatize getEqPredTys_maybe,,1,
Core,axiomatize getHelpfulOccName,,1,
Core,axiomatize getRuntimeRep,,1,
Core,axiomatize getRuntimeRepFromKind,,1,
Core,axiomatize getRuntimeRepFromKind_maybe,,2,
Core,axiomatize getRuntimeRep_maybe,,2,
Core,axiomatize getTCvInScope,,1,
Core,axiomatize getTCvSubstRangeFVs,,1,
Core,axiomatize getTvSubstEnv,,1,
Core,axiomatize getTyVar,,1,
Core,axiomatize getTyVar_maybe,,1,
Core,axiomatize instCoercion,,1,
Core,axiomatize instCoercions,,1,
Core,axiomatize instNewTyCon_maybe,,2,
Core,axiomatize isAlgType,,1,
Core,axiomatize isAnonTyBinder,,1,
Core,axiomatize isCTupleClass,,1,
Core,axiomatize isClassPred,,1,
Core,axiomatize isCoVar_maybe,,1,
Core,axiomatize isCoercionTy,,1,
Core,axiomatize isCoercionTy_maybe,,1,
Core,axiomatize isCoercionType,,1,
Core,axiomatize isDataFamilyAppType,,1,
Core,axiomatize isDataProductTyCon_maybe,,1,
Core,axiomatize isDataSumTyCon_maybe,,1,
Core,axiomatize isDictLikeTy,,1,
Core,axiomatize isDictTy,,1,
Core,axiomatize isEmptyTCvSubst,,1,
Core,axiomatize isEqPred,,1,
Core,axiomatize isFamFreeTy,,1,
Core,axiomatize isForAllTy,,1,
Core,axiomatize isFunTy,,1,
Core,axiomatize isGenerativeTyCon,,1,
Core,axiomatize isIPClass,,1,
Core,axiomatize isIPPred,,1,
Core,axiomatize isIPPred_maybe,,1,
Core,axiomatize isIPTyCon,,1,
Core,axiomatize isInScope,,1,
Core,axiomatize isInjectiveTyCon,,1,
Core,axiomatize isInvisibleBinder,,1,
Core,axiomatize isKindTyCon,,1,
Core,axiomatize isLiftedTypeKind,,1,
Core,axiomatize isLiftedType_maybe,,2,
Core,axiomatize isMappedByLC,,1,
Core,axiomatize isNamedTyBinder,,1,
Core,axiomatize isNomEqPred,,1,
Core,axiomatize isNumLitTy,,1,
Core,axiomatize isPiTy,,1,
Core,axiomatize isPredTy,,1,
Core,axiomatize isPrimitiveType,,1,
Core,axiomatize isProductTyCon,,1,
Core,axiomatize isPromotedTupleTyCon,,1,
Core,axiomatize isReflCo,,1,
Core,axiomatize isReflCoVar_maybe,,1,
Core,axiomatize isReflCo_maybe,,1,
Core,axiomatize isReflexiveCo,,1,
Core,axiomatize isReflexiveCo_maybe,,1,
Core,axiomatize isRuntimeRepKindedTy,,1,
Core,axiomatize isRuntimeRepTy,,1,
Core,axiomatize isRuntimeRepVar,,1,
Core,axiomatize isStrLitTy,,1,
Core,axiomatize isStrictType,,1,
Core,axiomatize isTauTy,,1,
Core,axiomatize isTyVarTy,,1,
Core,axiomatize isTypeLevPoly,,1,
Core,axiomatize isUnboxedSumType,,1,
Core,axiomatize isUnboxedTupleType,,1,
Core,axiomatize isUnliftedType,,1,
Core,axiomatize isUnliftedTypeKind,,1,
Core,axiomatize isValidJoinPointType,,1,
Core,axiomatize isValidTCvSubst,,1,
Core,axiomatize isVisibleBinder,,1,
Core,axiomatize is_TYPE,,1,
Core,axiomatize kindTyConKeys,,1,
Core,axiomatize lcInScopeSet,,1,
Core,axiomatize lcSubstLeft,,1,
Core,axiomatize lcSubstRight,,1,
Core,axiomatize lcTCvSubst,,1,
Core,axiomatize liftCoSubst,,2,
Core,axiomatize liftCoSubstTyVar,,1,
Core,axiomatize liftCoSubstVarBndr,,2,
Core,axiomatize liftCoSubstVarBndrCallback,,3,
Core,axiomatize liftCoSubstWith,,2,
Core,axiomatize liftCoSubstWithEx,,4,
Core,axiomatize liftEnvSubst,,2,
Core,axiomatize liftEnvSubstLeft,,1,
Core,axiomatize liftEnvSubstRight,,1,
Core,axiomatize lookupCoVar,,1,
Core,axiomatize lookupTyVar,,1,
Core,axiomatize ltRole,,1,
Core,axiomatize lubArgUse,,1,
Core,axiomatize lubUse,,1,
Core,axiomatize mapCoercion,,2,
Core,axiomatize mapStepResult,,2,
Core,axiomatize mapType,,2,
Core,axiomatize mkAnonBinder,,1,
Core,axiomatize mkAppCo,,1,
Core,axiomatize mkAppCos,,1,
Core,axiomatize mkAppTy,,1,
Core,axiomatize mkAppTys,,1,
Core,axiomatize mkAxInstCo,,2,
Core,axiomatize mkAxInstLHS,,2,
Core,axiomatize mkAxInstRHS,,2,
Core,axiomatize mkAxiomInstCo,,2,
Core,axiomatize mkAxiomRuleCo,,1,
Core,axiomatize mkCastTy,,1,
Core,axiomatize mkClassPred,,1,
Core,axiomatize mkCoCast,,1,
Core,axiomatize mkCoVarCo,,1,
Core,axiomatize mkCoVarCos,,1,
Core,axiomatize mkCoercionTy,,1,
Core,axiomatize mkCoercionType,,1,
Core,axiomatize mkCoherenceCo,,1,
Core,axiomatize mkCoherenceLeftCo,,1,
Core,axiomatize mkCoherenceRightCo,,1,
Core,axiomatize mkEmptyTCvSubst,,1,
Core,axiomatize mkFamilyTyConApp,,1,
Core,axiomatize mkForAllCo,,1,
Core,axiomatize mkForAllCos,,1,
Core,axiomatize mkForAllTy,,1,
Core,axiomatize mkForAllTys,,1,
Core,axiomatize mkForAllTys',,1,
Core,axiomatize mkFunCo,,1,
Core,axiomatize mkFunCos,,1,
Core,axiomatize mkFunTy,,1,
Core,axiomatize mkFunTys,,1,
Core,axiomatize mkHeteroCoercionType,,1,
Core,axiomatize mkHeteroPrimEqPred,,1,
Core,axiomatize mkHeteroReprPrimEqPred,,1,
Core,axiomatize mkHoleCo,,1,
Core,axiomatize mkHomoForAllCos,,1,
Core,axiomatize mkHomoForAllCos_NoRefl,,1,
Core,axiomatize mkHomoPhantomCo,,1,
Core,axiomatize mkInstCo,,1,
Core,axiomatize mkInvForAllTy,,1,
Core,axiomatize mkInvForAllTys,,1,
Core,axiomatize mkKindCo,,1,
Core,axiomatize mkLRCo,,1,
Core,axiomatize mkLamType,,1,
Core,axiomatize mkLamTypes,,1,
Core,axiomatize mkLiftingContext,,1,
Core,axiomatize mkNomReflCo,,1,
Core,axiomatize mkNthCo,,1,
Core,axiomatize mkNthCoRole,,1,
Core,axiomatize mkNumLitTy,,1,
Core,axiomatize mkPhantomCo,,1,
Core,axiomatize mkPiCo,,1,
Core,axiomatize mkPiCos,,1,
Core,axiomatize mkPiTy,,1,
Core,axiomatize mkPiTys,,1,
Core,axiomatize mkPrimEqPred,,1,
Core,axiomatize mkPrimEqPredRole,,1,
Core,axiomatize mkProofIrrelCo,,1,
Core,axiomatize mkReflCo,,1,
Core,axiomatize mkRepReflCo,,1,
Core,axiomatize mkReprPrimEqPred,,1,
Core,axiomatize mkRuntimeRepCo,,1,
Core,axiomatize mkSpecForAllTys,,1,
Core,axiomatize mkStrLitTy,,1,
Core,axiomatize mkSubCo,,1,
Core,axiomatize mkSubstLiftingContext,,1,
Core,axiomatize mkSymCo,,1,
Core,axiomatize mkTCvSubst,,1,
Core,axiomatize mkTransAppCo,,3,
Core,axiomatize mkTransCo,,1,
Core,axiomatize mkTvSubst,,1,
Core,axiomatize mkTvSubstPrs,,1,
Core,axiomatize mkTyCoInScopeSet,,1,
Core,axiomatize mkTyConApp,,1,
Core,axiomatize mkTyConAppCo,,2,
Core,axiomatize mkTyConBindersPreferAnon,,1,
Core,axiomatize mkTyConKind,,10,
Core,axiomatize mkTyConTy,,1,
Core,axiomatize mkTyVarTys,,1,
Core,axiomatize mkUnbranchedAxInstCo,,2,
Core,axiomatize mkUnbranchedAxInstLHS,,2,
Core,axiomatize mkUnbranchedAxInstRHS,,2,
Core,axiomatize mkUnivCo,,1,
Core,axiomatize mkUnsafeCo,,1,
Core,axiomatize mkVisForAllTys,,1,
Core,axiomatize modifyJoinResTy,,1,
Core,axiomatize newTyConInstRhs,,1,
Core,axiomatize nextRole,,1,
Core,axiomatize noFreeVarsOfCo,,1,
Core,axiomatize noFreeVarsOfProv,,1,
Core,axiomatize noFreeVarsOfType,,1,
Core,axiomatize nonDetCmpTc,,1,
Core,axiomatize nonDetCmpType,,1,
Core,axiomatize nonDetCmpTypeX,,1,
Core,axiomatize nonDetCmpTypes,,1,
Core,axiomatize nonDetCmpTypesX,,1,
Core,axiomatize notElemTCvSubst,,1,
Core,axiomatize nthRole,,1,
Core,axiomatize partitionInvisibles,,2,
Core,axiomatize piResultTy,,1,
Core,axiomatize piResultTy_maybe,,1,
Core,axiomatize piResultTys,,2,
Core,axiomatize ppSuggestExplicitKinds,,1,
Core,axiomatize pprClassPred,,1,
Core,axiomatize pprCo,,1,
Core,axiomatize pprCoAxBranch,,1,
Core,axiomatize pprCoAxBranchHdr,,2,
Core,axiomatize pprCoAxiom,,1,
Core,axiomatize pprDataConWithArgs,,1,
Core,axiomatize pprDataCons,,1,
Core,axiomatize pprForAll,,1,
Core,axiomatize pprKind,,1,
Core,axiomatize pprParendCo,,1,
Core,axiomatize pprParendKind,,1,
Core,axiomatize pprParendTheta,,1,
Core,axiomatize pprParendType,,1,
Core,axiomatize pprPrecType,,1,
Core,axiomatize pprShortTyThing,,1,
Core,axiomatize pprSigmaType,,1,
Core,axiomatize pprSourceTyCon,,1,
Core,axiomatize pprTheta,,1,
Core,axiomatize pprThetaArrowTy,,1,
Core,axiomatize pprTvBndr,,1,
Core,axiomatize pprTvBndrs,,1,
Core,axiomatize pprTyLit,,1,
Core,axiomatize pprTyThingCategory,,1,
Core,axiomatize pprTyVar,,1,
Core,axiomatize pprTyVars,,1,
Core,axiomatize pprType,,1,
Core,axiomatize pprTypeApp,,1,
Core,axiomatize pprUserForAll,,1,
Core,axiomatize pprUserTypeErrorTy,,1,
Core,axiomatize ppr_co_ax_branch,,3,
Core,axiomatize predTypeEqRel,,1,
Core,axiomatize promoteCoercion,,1,
Core,axiomatize provSize,,1,
Core,axiomatize repGetTyVar_maybe,,1,
Core,axiomatize repSplitAppTy_maybe,,2,
Core,axiomatize repSplitAppTys,,2,
Core,axiomatize repSplitTyConApp_maybe,,2,
Core,axiomatize resultIsLevPoly,,1,
Core,axiomatize seqCo,,1,
Core,axiomatize seqCos,,1,
Core,axiomatize seqProv,,1,
Core,axiomatize seqType,,1,
Core,axiomatize seqTypes,,1,
Core,axiomatize setCoVarName,,1,
Core,axiomatize setCoVarUnique,,1,
Core,axiomatize setCvSubstEnv,,1,
Core,axiomatize setJoinResTy,,1,
Core,axiomatize setNominalRole_maybe,,1,
Core,axiomatize setTvSubstEnv,,1,
Core,axiomatize splitAppCo_maybe,,1,
Core,axiomatize splitAppTy,,1,
Core,axiomatize splitAppTy_maybe,,1,
Core,axiomatize splitAppTys,,1,
Core,axiomatize splitCastTy_maybe,,1,
Core,axiomatize splitCoercionType_maybe,,1,
Core,axiomatize splitForAllCo_maybe,,2,
Core,axiomatize splitForAllTy,,1,
Core,axiomatize splitForAllTyVarBndrs,,1,
Core,axiomatize splitForAllTy_maybe,,1,
Core,axiomatize splitForAllTys,,1,
Core,axiomatize splitForAllTys',,1,
Core,axiomatize splitFunCo_maybe,,1,
Core,axiomatize splitFunTy,,1,
Core,axiomatize splitFunTy_maybe,,1,
Core,axiomatize splitFunTys,,1,
Core,axiomatize splitListTyConApp_maybe,,1,
Core,axiomatize splitPiTy,,1,
Core,axiomatize splitPiTy_maybe,,1,
Core,axiomatize splitPiTys,,1,
Core,axiomatize splitPiTysInvisible,,1,
Core,axiomatize splitTyConApp,,1,
Core,axiomatize splitTyConAppCo_maybe,,1,
Core,axiomatize splitTyConApp_maybe,,2,
Core,axiomatize splitVisVarsOfType,,1,
Core,axiomatize splitVisVarsOfTypes,,1,
Core,axiomatize stripCoercionTy,,1,
Core,axiomatize substCo,,2,
Core,axiomatize substCoUnchecked,,1,
Core,axiomatize substCoVar,,1,
Core,axiomatize substCoVarBndr,,1,
Core,axiomatize substCoVars,,1,
Core,axiomatize substCoWith,,2,
Core,axiomatize substCoWithUnchecked,,1,
Core,axiomatize substCos,,2,
Core,axiomatize substForAllCoBndr,,2,
Core,axiomatize substForAllCoBndrCallback,,3,
Core,axiomatize substForAllCoBndrCallbackLC,,3,
Core,axiomatize substForAllCoBndrUnchecked,,2,
Core,axiomatize substLeftCo,,1,
Core,axiomatize substRightCo,,1,
Core,axiomatize substTheta,,2,
Core,axiomatize substThetaUnchecked,,1,
Core,axiomatize substTy,,1,
Core,axiomatize substTyAddInScope,,1,
Core,axiomatize substTyUnchecked,,1,
Core,axiomatize substTyVar,,1,
Core,axiomatize substTyVarBndr,,2,
Core,axiomatize substTyVarBndrCallback,,2,
Core,axiomatize substTyVarBndrUnchecked,,1,
Core,axiomatize substTyVars,,1,
Core,axiomatize substTyWith,,2,
Core,axiomatize substTyWithCoVars,,1,
Core,axiomatize substTyWithInScope,,2,
Core,axiomatize substTyWithUnchecked,,1,
Core,axiomatize substTys,,2,
Core,axiomatize substTysUnchecked,,1,
Core,axiomatize substTysWith,,1,
Core,axiomatize substTysWithCoVars,,2,
Core,axiomatize subst_co,,1,
Core,axiomatize subst_ty,,1,
Core,axiomatize swapLiftCoEnv,,1,
Core,axiomatize synTyConResKind,,1,
Core,axiomatize tcRepSplitAppTy_maybe,,1,
Core,axiomatize tcRepSplitTyConApp_maybe,,2,
Core,axiomatize tcSplitTyConApp_maybe,,2,
Core,axiomatize tcView,,1,
Core,axiomatize tickishCounts,,1,
Core,axiomatize tickishIsCode,,1,
Core,axiomatize tidyCo,,1,
Core,axiomatize tidyCos,,1,
Core,axiomatize tidyFreeTyCoVars,,1,
Core,axiomatize tidyKind,,1,
Core,axiomatize tidyOpenKind,,1,
Core,axiomatize tidyOpenTyCoVar,,1,
Core,axiomatize tidyOpenTyCoVars,,2,
Core,axiomatize tidyOpenType,,1,
Core,axiomatize tidyOpenTypes,,1,
Core,axiomatize tidyTopType,,1,
Core,axiomatize tidyTyCoVarBndr,,1,
Core,axiomatize tidyTyCoVarBndrs,,2,
Core,axiomatize tidyTyVarBinder,,2,
Core,axiomatize tidyTyVarBinders,,3,
Core,axiomatize tidyTyVarOcc,,1,
Core,axiomatize tidyType,,1,
Core,axiomatize tidyTypes,,1,
Core,axiomatize toPhantomCo,,1,
Core,axiomatize topNormaliseNewType_maybe,,1,
Core,axiomatize topNormaliseTypeX,,2,
Core,axiomatize toposortTyVars,,1,
Core,axiomatize tyBinderType,,1,
Core,axiomatize tyCoVarsOfCo,,1,
Core,axiomatize tyCoVarsOfCoDSet,,1,
Core,axiomatize tyCoVarsOfCoList,,1,
Core,axiomatize tyCoVarsOfCos,,1,
Core,axiomatize tyCoVarsOfCosSet,,1,
Core,axiomatize tyCoVarsOfProv,,1,
Core,axiomatize tyCoVarsOfType,,1,
Core,axiomatize tyCoVarsOfTypeDSet,,1,
Core,axiomatize tyCoVarsOfTypeList,,1,
Core,axiomatize tyCoVarsOfTypeWellScoped,,1,
Core,axiomatize tyCoVarsOfTypes,,1,
Core,axiomatize tyCoVarsOfTypesDSet,,1,
Core,axiomatize tyCoVarsOfTypesList,,1,
Core,axiomatize tyCoVarsOfTypesSet,,1,
Core,axiomatize tyCoVarsOfTypesWellScoped,,1,
Core,axiomatize tyConATs,,1,
Core,axiomatize tyConAppArgN,,1,
Core,axiomatize tyConAppArgs,,1,
Core,axiomatize tyConAppArgs_maybe,,1,
Core,axiomatize tyConAppTyCon,,1,
Core,axiomatize tyConAppTyConPicky_maybe,,1,
Core,axiomatize tyConAppTyCon_maybe,,1,
Core,axiomatize tyConBindersTyBinders,,1,
Core,axiomatize tyConInjectivityInfo,,1,
Core,axiomatize tyConRolesRepresentational,,1,
Core,axiomatize tyConRolesX,,1,
Core,axiomatize tyConsOfType,,1,
Core,axiomatize tyThingCategory,,1,
Core,axiomatize ty_co_subst,,1,
Core,axiomatize typeKind,,1,
Core,axiomatize typeLiteralKind,,1,
Core,axiomatize typeSize,,1,
Core,axiomatize unfoldingTemplate,,1,
Core,axiomatize unionTCvSubst,,1,
Core,axiomatize unwrapNewTypeStepper,,1,
Core,axiomatize userTypeError_maybe,,1,
Core,axiomatize zapLiftingContext,,1,
Core,axiomatize zapTCvSubst,,1,
Core,axiomatize zipCoEnv,,1,
Core,axiomatize zipCvSubst,,1,
Core,axiomatize zipTvSubst,,1,
Core,axiomatize zipTyEnv,,1,
Core,Headers and types,1229,761,3786
Core,Tactics,,47,128
CoreFVs,aFreeVar,2,2,
CoreFVs,addBndr,4,3,
CoreFVs,addBndrs,2,2,
CoreFVs,bindFreeVars,5,9,
CoreFVs,bndrRuleAndUnfoldingFVs,4,4,
CoreFVs,bndrRuleAndUnfoldingVarsDSet,2,2,
CoreFVs,dIdFreeVars,2,2,
CoreFVs,dVarTypeTyCoVars,2,2,
CoreFVs,delBinderFV,2,2,
CoreFVs,delBindersFV,2,2,
CoreFVs,exprFVs,2,2,
CoreFVs,exprFreeIds,2,5,
CoreFVs,exprFreeIdsDSet,2,5,
CoreFVs,exprFreeIdsList,2,8,
CoreFVs,exprFreeVars,2,2,
CoreFVs,exprFreeVarsDSet,2,2,
CoreFVs,exprFreeVarsList,2,2,
CoreFVs,exprOrphNames,20,,
CoreFVs,exprSomeFreeVars,4,,
CoreFVs,exprSomeFreeVarsDSet,4,,
CoreFVs,exprSomeFreeVarsList,4,,
CoreFVs,expr_fvs,27,24,
CoreFVs,exprsFVs,2,2,
CoreFVs,exprsFreeIdsDSet,2,6,
CoreFVs,exprsFreeIdsList,2,2,
CoreFVs,exprsFreeVars,2,2,
CoreFVs,exprsFreeVarsList,2,5,
CoreFVs,exprsOrphNames,2,,
CoreFVs,exprsSomeFreeVars,5,,
CoreFVs,exprsSomeFreeVarsDSet,5,,
CoreFVs,exprsSomeFreeVarsList,5,,
CoreFVs,exprs_fvs,2,2,
CoreFVs,freeVars,56,105,
CoreFVs,freeVarsBind,19,,
CoreFVs,freeVarsOf,2,2,
CoreFVs,freeVarsOfAnn,2,2,
CoreFVs,idFVs,4,6,
CoreFVs,idFreeVars,2,6,
CoreFVs,idRuleFVs,3,2,
CoreFVs,idRuleRhsVars,11,,
CoreFVs,idRuleVars,2,2,
CoreFVs,idUnfoldingFVs,2,2,
CoreFVs,idUnfoldingVars,2,2,
CoreFVs,noFVs,2,2,
CoreFVs,orphNamesOfAxiom,4,,
CoreFVs,orphNamesOfCo,20,,
CoreFVs,orphNamesOfCoAxBranch,3,,
CoreFVs,orphNamesOfCoAxBranches,3,,
CoreFVs,orphNamesOfCoCon,3,,
CoreFVs,orphNamesOfCos,2,,
CoreFVs,orphNamesOfFamInst,2,,
CoreFVs,orphNamesOfProv,5,,
CoreFVs,orphNamesOfThings,2,4,
CoreFVs,orphNamesOfTyCon,4,,
CoreFVs,orphNamesOfType,14,,
CoreFVs,orphNamesOfTypes,2,,
CoreFVs,rhs_fvs,3,3,
CoreFVs,ruleFVs,6,7,
CoreFVs,ruleFreeVars,2,2,
CoreFVs,ruleLhsFVIds,4,7,
CoreFVs,ruleLhsFreeIds,2,2,
CoreFVs,ruleLhsFreeIdsList,2,17,
CoreFVs,ruleRhsFreeVars,4,7,
CoreFVs,rulesFVs,2,2,
CoreFVs,rulesFreeVars,2,2,
CoreFVs,rulesFreeVarsDSet,2,2,
CoreFVs,stableUnfoldingFVs,9,2,
CoreFVs,stableUnfoldingVars,2,,
CoreFVs,tickish_fvs,3,6,
CoreFVs,unionFVs,2,2,
CoreFVs,unionFVss,2,2,
CoreFVs,varTypeTyCoFVs,2,2,
CoreFVs,varTypeTyCoVars,2,2,
CoreFVs,vectsFreeVars,13,11,
CoreFVs,Headers and types,61,36,667
CoreStats,altBndrStats,2,2,
CoreStats,altSize,2,2,
CoreStats,altStats,2,5,
CoreStats,bindSize,3,20,
CoreStats,bindStats,3,22,
CoreStats,bindingStats,2,,
CoreStats,bndrSize,2,2,
CoreStats,bndrStats,2,2,
CoreStats,bndrsSize,2,2,
CoreStats,coStats,2,,
CoreStats,coreBindsSize,2,2,
CoreStats,coreBindsStats,2,2,
CoreStats,cs_co,,3,
CoreStats,cs_jb,,3,
CoreStats,cs_tm,,3,
CoreStats,cs_ty,,3,
CoreStats,cs_vb,,3,
CoreStats,exprSize,11,20,
CoreStats,exprStats,12,22,
CoreStats,letBndrStats,7,10,
CoreStats,oneTM,,3,
CoreStats,pairSize,2,2,
CoreStats,plusCS,5,6,
CoreStats,sumCS,2,2,
CoreStats,tickSize,3,2,
CoreStats,tyStats,2,,
CoreStats,zeroCS,3,2,
CoreStats,axiomatize coStats,,1,
CoreStats,axiomatize tyStats,,1,
CoreStats,Headers and types,25,21,8
CoreSubst,addInScopeSet,3,6,
CoreSubst,cloneBndr,4,,
CoreSubst,cloneBndrs,3,,
CoreSubst,cloneIdBndr,3,,
CoreSubst,cloneIdBndrs,3,,
CoreSubst,cloneRecIdBndrs,6,,
CoreSubst,cloneTyVarBndr,5,,
CoreSubst,clone_id,11,,
CoreSubst,deShadowBinds,2,18,
CoreSubst,delBndr,5,10,
CoreSubst,delBndrs,3,7,
CoreSubst,emptySubst,2,3,
CoreSubst,extendCvSubst,4,,
CoreSubst,extendIdSubst,4,8,
CoreSubst,extendIdSubstList,4,,
CoreSubst,extendInScope,4,18,
CoreSubst,extendInScopeIds,4,7,
CoreSubst,extendInScopeList,4,7,
CoreSubst,extendSubst,6,15,
CoreSubst,extendSubstList,3,,
CoreSubst,extendSubstWithVar,5,16,
CoreSubst,extendTvSubst,4,,
CoreSubst,extendTvSubstList,5,,
CoreSubst,getTCvSubst,2,21,
CoreSubst,isEmptySubst,3,21,
CoreSubst,isInScope,2,5,
CoreSubst,lookupIdSubst,8,20,
CoreSubst,lookupTCvSubst,6,,
CoreSubst,mkEmptySubst,2,3,
CoreSubst,mkOpenSubst,5,,
CoreSubst,mkSubst,2,,
CoreSubst,setInScope,11,18,
CoreSubst,substBind,27,41,
CoreSubst,substBndr,5,6,
CoreSubst,substBndrs,2,,
CoreSubst,substCo,2,,
CoreSubst,substCoVarBndr,5,,
CoreSubst,substDVarSet,7,12,
CoreSubst,substExpr,2,34,
CoreSubst,substExprSC,5,4,
CoreSubst,substIdBndr,19,,
CoreSubst,substIdInfo,9,,
CoreSubst,substIdOcc,4,18,
CoreSubst,substIdType,6,48,
CoreSubst,substInScope,2,2,
CoreSubst,substRecBndrs,5,,
CoreSubst,substRule,14,,
CoreSubst,substRulesForImportedIds,5,,
CoreSubst,substSpec,7,,
CoreSubst,substTickish,6,,
CoreSubst,substTy,2,,
CoreSubst,substTyVarBndr,5,,
CoreSubst,substUnfolding,18,2,
CoreSubst,substUnfoldingSC,,4,
CoreSubst,subst_expr,23,41,
CoreSubst,zapSubstEnv,2,3,
CoreSubst,axiomatize cloneTyVarBndr,,32,
CoreSubst,axiomatize lookupTCvSubst,,1,
CoreSubst,axiomatize substCo,,1,
CoreSubst,axiomatize substCoVarBndr,,1,
CoreSubst,axiomatize substSpec,,1,
CoreSubst,axiomatize substTy,,1,
CoreSubst,axiomatize substTyVarBndr,,1,
CoreSubst,Headers and types,47,35,1091
CoreUtils,,5,,
CoreUtils,addDefault,3,,
CoreUtils,altsAreExhaustive,8,,
CoreUtils,app_ok,27,,
CoreUtils,applyTypeToArgs,19,,
CoreUtils,bindNonRec,4,,
CoreUtils,cheapEqExpr,2,,
CoreUtils,cheapEqExpr',14,,
CoreUtils,combineIdenticalAlts,23,,
CoreUtils,coreAltType,8,,
CoreUtils,coreAltsType,3,,
CoreUtils,dataConInstPat,32,,
CoreUtils,dataConRepFSInstPat,3,,
CoreUtils,dataConRepInstPat,1,,
CoreUtils,diffBinds,38,,
CoreUtils,diffExpr,34,,
CoreUtils,diffIdInfo,16,,
CoreUtils,diffUnfold,16,,
CoreUtils,dupAppSize,2,,
CoreUtils,eqExpr,34,,
CoreUtils,eqTickish,4,,
CoreUtils,exprIsBig,10,,
CoreUtils,exprIsBottom,16,,
CoreUtils,exprIsCheap,2,,
CoreUtils,exprIsCheapX,21,,
CoreUtils,exprIsConLike,2,,
CoreUtils,exprIsDupable,16,,
CoreUtils,exprIsExpandable,2,,
CoreUtils,exprIsHNF,2,,
CoreUtils,exprIsHNFlike,30,,
CoreUtils,exprIsTickedString,2,,
CoreUtils,exprIsTickedString_maybe,6,,
CoreUtils,exprIsTopLevelBindable,4,,
CoreUtils,exprIsTrivial,11,,
CoreUtils,exprIsWorkFree,2,,
CoreUtils,exprOkForSpeculation,3,,
CoreUtils,exprType,16,,
CoreUtils,expr_ok,24,,
CoreUtils,filterAlts,16,,
CoreUtils,findAlt,12,,
CoreUtils,findDefault,3,,
CoreUtils,getIdFromTrivialExpr,4,,
CoreUtils,getIdFromTrivialExpr_maybe,8,,
CoreUtils,isCheapApp,11,,
CoreUtils,isDefaultAlt,3,,
CoreUtils,isDivOp,8,,
CoreUtils,isEmptyTy,9,,
CoreUtils,isExpandableApp,37,,
CoreUtils,isExprLevPoly,25,,
CoreUtils,isJoinBind,4,,
CoreUtils,isSaturatedConApp,7,,
CoreUtils,isWorkFreeApp,10,,
CoreUtils,locBind,5,,
CoreUtils,mergeAlts,8,,
CoreUtils,mkAltExpr,10,,
CoreUtils,mkCast,27,,
CoreUtils,mkTick,40,,
CoreUtils,mkTickNoHNF,4,,
CoreUtils,mkTicks,2,,
CoreUtils,needsCaseBinding,2,,
CoreUtils,refineDefaultAlt,22,,
CoreUtils,rhsIsStatic,33,,
CoreUtils,stripTicksE,15,,
CoreUtils,stripTicksT,15,,
CoreUtils,stripTicksTop,4,,
CoreUtils,stripTicksTopE,4,,
CoreUtils,stripTicksTopT,4,,
CoreUtils,tickHNFArgs,6,,
CoreUtils,trimConArgs,4,,
CoreUtils,tryEtaReduce,55,,
CoreUtils,Headers and types,67,,
Exitify,addExit,14,,
Exitify,exitify,146,,
Exitify,exitifyProgram,64,41,91
Exitify,go,,,338
Exitify,mkExitJoinId,30,,
Exitify,Headers and types,34,199,2404
FV,delFV,3,3,
FV,delFVs,3,3,
FV,emptyFV,2,5,
FV,filterFV,3,3,
FV,fvDVarSet,2,2,
FV,fvVarList,2,2,
FV,fvVarListVarSet,2,2,
FV,fvVarSet,2,2,
FV,mapUnionFV,4,7,
FV,mkFVs,3,2,
FV,unionFV,3,3,
FV,unionsFV,2,2,
FV,unitFV,6,10,
FV,Headers and types,21,17,17
FV,Well-formedness,,,382
State,evalState,,2,
State,execState,,2,
State,get,,2,
State,gets,,2,
State,modify,,2,
State,put,,2,
State,runState,,2,
State,runState',,3,
State,instance Applicative,,27,
State,instance Functor,,11,
State,instance Monad,,17,
State,Headers and types,,12,254
TrieMap,am_data,,3,
TrieMap,am_deflt,,3,
TrieMap,am_lit,,6,
TrieMap,cme_env,,3,
TrieMap,cme_next,,3,
TrieMap,deBruijnize,16,2,
TrieMap,deMaybe,20,2,
TrieMap,deleteTM,26,2,
TrieMap,emptyCME,4,2,
TrieMap,emptyCoreMap,8,2,
TrieMap,emptyE,28,,
TrieMap,emptyLiteralMap,4,2,
TrieMap,emptyT,14,,
TrieMap,emptyTyLitMap,4,2,
TrieMap,emptyTypeMap,4,2,
TrieMap,extendCME,6,5,
TrieMap,extendCMEs,4,2,
TrieMap,extendCoreMap,4,2,
TrieMap,extendTypeMap,4,3,
TrieMap,extendTypeMapWithScope,4,3,
TrieMap,fdA,50,4,
TrieMap,fdE,28,,
TrieMap,fdG,120,,
TrieMap,fdList,8,,
TrieMap,fdMaybe,30,3,
TrieMap,fdT,34,,
TrieMap,fdVar,6,2,
TrieMap,foldCoreMap,4,2,
TrieMap,foldMaybe,6,6,
TrieMap,foldTyLit,8,4,
TrieMap,foldTypeMap,4,2,
TrieMap,inert_dicts,46,,
TrieMap,insertTM,4,2,
TrieMap,lkA,10,,
TrieMap,lkBndr,4,,
TrieMap,lkC,6,7,
TrieMap,lkDFreeVar,4,2,
TrieMap,lkDNamed,4,3,
TrieMap,lkE,48,,
TrieMap,lkG,10,,
TrieMap,lkList,8,,
TrieMap,lkLit,4,2,
TrieMap,lkMaybe,8,7,
TrieMap,lkT,30,,
TrieMap,lkTT,6,8,
TrieMap,lkTickish,4,2,
TrieMap,lkTyLit,10,,
TrieMap,lkVar,8,6,
TrieMap,lookupCME,6,5,
TrieMap,lookupCoreMap,4,2,
TrieMap,lookupTypeMap,4,3,
TrieMap,lookupTypeMapWithScope,4,3,
TrieMap,mapA,10,6,
TrieMap,mapE,26,,
TrieMap,mapG,8,,
TrieMap,mapList,6,,
TrieMap,mapMb,6,6,
TrieMap,mapT,20,,
TrieMap,mapTyLit,6,5,
TrieMap,mapVar,6,5,
TrieMap,mkDeBruijnContext,30,2,
TrieMap,mm_just,,3,
TrieMap,mm_nothing,,3,
TrieMap,op_zbzg__,,4,
TrieMap,op_zbzgzg__,,7,
TrieMap,op_zgzizg__,,4,
TrieMap,tlm_number,,3,
TrieMap,tlm_string,,3,
TrieMap,trieMapView,90,,
TrieMap,vm_bvar,,3,
TrieMap,vm_fvar,,3,
TrieMap,xtA,16,16,
TrieMap,xtBndr,22,2,
TrieMap,xtC,24,13,
TrieMap,xtDFreeVar,4,3,
TrieMap,xtDNamed,6,3,
TrieMap,xtE,72,,
TrieMap,xtG,34,,
TrieMap,xtInt,4,3,
TrieMap,xtList,8,,
TrieMap,xtLit,34,3,
TrieMap,xtMaybe,8,12,
TrieMap,xtT,28,,
TrieMap,xtTT,22,9,
TrieMap,xtTickish,50,3,
TrieMap,xtTyLit,10,,
TrieMap,xtVar,8,10,
TrieMap,instance Eq,,29,
TrieMap,instance TrieMap,86,428,
TrieMap,axiomatize CoreMapX,,1,
TrieMap,axiomatize GenMap,,1,
TrieMap,axiomatize GenMap__EmptyMap,,1,
TrieMap,axiomatize ListMap,,1,
TrieMap,axiomatize TrieMap__ListMap_emptyTM,,1,
TrieMap,axiomatize TypeMapX,,13,
TrieMap,axiomatize emptyE,,1,
TrieMap,axiomatize emptyT,,1,
TrieMap,axiomatize fdE,,1,
TrieMap,axiomatize fdG,,2,
TrieMap,axiomatize fdList,,2,
TrieMap,axiomatize fdT,,1,
TrieMap,axiomatize lkA,,1,
TrieMap,axiomatize lkBndr,,1,
TrieMap,axiomatize lkE,,1,
TrieMap,axiomatize lkG,,6,
TrieMap,axiomatize lkList,,3,
TrieMap,axiomatize lkT,,2,
TrieMap,axiomatize mapE,,4,
TrieMap,axiomatize mapG,,2,
TrieMap,axiomatize mapList,,2,
TrieMap,axiomatize mapT,,1,
TrieMap,axiomatize trieMapView,,1,
TrieMap,axiomatize xtE,,2,
TrieMap,axiomatize xtG,,2,
TrieMap,axiomatize xtList,,4,
TrieMap,axiomatize xtT,,2,
TrieMap,Headers and types,80,88,53
Uniq,dataConRepNameUnique,,2,
Uniq,dataConWorkerUnique,,2,
Uniq,deriveUnique,,5,
Uniq,eqUnique,,5,
Uniq,getKey,,2,
Uniq,getUnique,,4,
Uniq,getWordKey,,2,
Uniq,hasKey,,2,
Uniq,incrUnique,,2,
Uniq,initExitJoinUnique,,2,
Uniq,initTyVarUnique,,2,
Uniq,isValidKnownKeyUnique,,4,
Uniq,mkAlphaTyVarUnique,,2,
Uniq,mkBuiltinUnique,,2,
Uniq,mkCoVarUnique,,2,
Uniq,mkCostCentreUnique,,2,
Uniq,mkDataOccUnique,,2,
Uniq,mkPArrDataConUnique,,2,
Uniq,mkPreludeClassUnique,,2,
Uniq,mkPreludeDataConUnique,,2,
Uniq,mkPreludeMiscIdUnique,,2,
Uniq,mkPreludeTyConUnique,,2,
Uniq,mkPrimOpIdUnique,,2,
Uniq,mkPseudoUniqueD,,2,
Uniq,mkPseudoUniqueE,,2,
Uniq,mkPseudoUniqueH,,2,
Uniq,mkRegClassUnique,,2,
Uniq,mkRegPairUnique,,2,
Uniq,mkRegSingleUnique,,2,
Uniq,mkRegSubUnique,,2,
Uniq,mkTcOccUnique,,2,
Uniq,mkTvOccUnique,,2,
Uniq,mkUnique,,5,
Uniq,mkUniqueGrimily,,2,
Uniq,mkVarOccUnique,,2,
Uniq,nonDetCmpUnique,,10,
Uniq,stepUnique,,5,
Uniq,tyConRepNameUnique,,2,
Uniq,uNIQUE_BITS,,2,
Uniq,uniqueMask,,2,
Uniq,unpkUnique,,6,
Uniq,instance Eq,,8,
Uniq,instance Uniquable,,15,
Uniq,Headers and types,,24,93
UniqSet,addListToUniqSet,,3,
UniqSet,addOneToUniqSet,,6,
UniqSet,delListFromUniqSet,,6,
UniqSet,delListFromUniqSet_Directly,,6,
UniqSet,delOneFromUniqSet,,6,
UniqSet,delOneFromUniqSet_Directly,,6,
UniqSet,elemUniqSet_Directly,,5,
UniqSet,elementOfUniqSet,,6,
UniqSet,emptyUniqSet,,2,
UniqSet,filterUniqSet,,5,
UniqSet,filterUniqSet_Directly,,6,
UniqSet,getUniqSet,,2,
UniqSet,getUniqSet',,3,
UniqSet,intersectUniqSets,,5,
UniqSet,isEmptyUniqSet,,2,
UniqSet,lookupUniqSet,,6,
UniqSet,lookupUniqSet_Directly,,6,
UniqSet,mapUniqSet,,3,
UniqSet,minusUniqSet,,5,
UniqSet,mkUniqSet,,2,
UniqSet,nonDetEltsUniqSet,,2,
UniqSet,nonDetFoldUniqSet,,6,
UniqSet,nonDetFoldUniqSet_Directly,,6,
UniqSet,nonDetKeysUniqSet,,2,
UniqSet,partitionUniqSet,,6,
UniqSet,restrictUniqSetToUFM,,9,
UniqSet,sizeUniqSet,,2,
UniqSet,unionManyUniqSets,,5,
UniqSet,unionUniqSets,,5,
UniqSet,uniqSetAll,,5,
UniqSet,uniqSetAny,,5,
UniqSet,uniqSetMinusUFM,,6,
UniqSet,unitUniqSet,,2,
UniqSet,unsafeUFMToUniqSet,,2,
UniqSet,instance Monoid,,13,
UniqSet,instance Semigroup,,6,
UniqSet,Headers and types,,16,468
Unique,,12,,
Unique,dataConRepNameUnique,6,,
Unique,deriveUnique,1,,
Unique,eqUnique,2,,
Unique,finish_show,5,,
Unique,getKey,1,,
Unique,hasKey,6,,
Unique,iToBase62,26,,
Unique,incrUnique,1,,
Unique,initExitJoinUnique,2,,
Unique,initTyVarUnique,8,,
Unique,isValidKnownKeyUnique,6,,
Unique,mkAlphaTyVarUnique,1,,
Unique,mkCoVarUnique,5,,
Unique,mkCostCentreUnique,2,,
Unique,mkPArrDataConUnique,1,,
Unique,mkPreludeClassUnique,1,,
Unique,mkPreludeDataConUnique,1,,
Unique,mkPreludeMiscIdUnique,1,,
Unique,mkPreludeTyConUnique,1,,
Unique,mkPrimOpIdUnique,1,,
Unique,mkRegSingleUnique,5,,
Unique,mkUnique,12,,
Unique,mkUniqueGrimily,1,,
Unique,mkVarOccUnique,5,,
Unique,newTagUnique,7,,
Unique,nonDetCmpUnique,8,,
Unique,pprUniqueAlways,7,,
Unique,showUnique,4,,
Unique,stepUnique,1,,
Unique,tyConRepNameUnique,3,,
Unique,uNIQUE_BITS,2,,
Unique,uniqueMask,2,,
Unique,unpkUnique,1,,
Unique,Headers and types,40,,
Util,,44,,
Util,abstractConstr,2,,
Util,abstractDataType,2,,
Util,all2,4,14,
Util,atLength,12,13,
Util,capitalise,3,2,
Util,changeLast,4,7,
Util,charToC,11,,
Util,chkAppend,4,4,
Util,chunkList,3,,
Util,cmpList,6,14,
Util,compareLength,5,8,
Util,consIORef,3,,
Util,count,5,8,
Util,debugIsOn,6,,
Util,doesDirNameExist,2,,
Util,dropList,4,7,
Util,dropTail,6,8,
Util,dropWhileEndLE,2,6,
Util,eqListBy,4,7,
Util,eqMaybeBy,4,7,
Util,equalLength,4,7,
Util,escapeSpaces,4,,
Util,exactLog2,12,11,
Util,filterByList,4,7,
Util,filterByLists,4,7,
Util,filterOut,4,6,
Util,first3M,2,6,
Util,firstM,2,6,
Util,foldl2,4,9,
Util,fst3,2,6,
Util,fstOf3,1,2,
Util,fuzzyLookup,10,,
Util,fuzzyMatch,2,,
Util,getCmd,5,,
Util,getModificationUTCTime,2,,
Util,ghciSupported,6,2,
Util,ghciTablesNextToCode,6,2,
Util,global,2,,
Util,globalM,2,,
Util,golden,2,,
Util,hSetTranslit,8,,
Util,hashInt32,2,,
Util,hashString,4,,
Util,isDarwinHost,6,,
Util,isEqual,4,2,
Util,isIn,22,3,
Util,isSingleton,3,2,
Util,isWindowsHost,6,2,
Util,isn'tIn,,3,
Util,leLength,5,7,
Util,lengthAtLeast,2,2,
Util,lengthAtMost,6,4,
Util,lengthExceeds,6,4,
Util,lengthIs,6,4,
Util,lengthIsNot,4,4,
Util,lengthLessThan,2,2,
Util,liftFst,2,5,
Util,liftSnd,2,5,
Util,listLengthCmp,6,3,
Util,looksLikeModuleName,6,,
Util,looksLikePackageName,2,,
Util,ltLength,5,7,
Util,makeRelativeTo,9,,
Util,mapAccumL2,5,,
Util,mapAndUnzip,7,11,
Util,mapAndUnzip3,7,13,
Util,mapFst,1,5,
Util,mapSnd,3,5,
Util,matchVectors,7,,
Util,maybeRead,4,,
Util,maybeReadFuzzy,7,,
Util,minWith,3,,
Util,modificationTimeIfExists,6,,
Util,mulHi,14,,
Util,nOfThem,2,2,
Util,nTimes,4,,
Util,ncgDebugIsOn,6,2,
Util,neLength,4,7,
Util,notNull,3,2,
Util,nubSort,2,,
Util,only,7,6,
Util,op_zlzazazg__,,5,
Util,op_zlzbzbzg__,,5,
Util,overrideWith,4,7,
Util,partitionByList,6,9,
Util,partitionWith,6,13,
Util,readHexRational,10,,
Util,readHexRational__,30,,
Util,readRational,11,,
Util,readRational__,25,,
Util,removeSpaces,8,,
Util,reslash,9,,
Util,restrictedDamerauLevenshteinDistance,7,,
Util,seqList,3,6,
Util,sharedGlobal,3,,
Util,sharedGlobalM,3,,
Util,singleton,2,2,
Util,sizedComplement,2,2,
Util,snd3,2,6,
Util,sndOf3,1,2,
Util,snocView,7,13,
Util,spanEnd,6,10,
Util,split,5,10,
Util,splitAtList,6,9,
Util,splitEithers,6,13,
Util,splitLongestPrefix,5,,
Util,stretchZipWith,7,13,
Util,takeList,6,10,
Util,thdOf3,4,2,
Util,thenCmp,3,6,
Util,third3,2,6,
Util,toArgs,30,,
Util,toCmdArgs,7,,
Util,transitiveClosure,13,17,
Util,uncurry3,2,6,
Util,unzipWith,2,3,
Util,zipEqual,1,3,
Util,zipLazy,3,7,
Util,zipWith3Equal,1,4,
Util,zipWith3Lazy,3,10,
Util,zipWith4Equal,22,4,
Util,zipWithAndUnzip,7,11,
Util,zipWithEqual,1,3,
Util,zipWithLazy,3,9,
Util,axiomatize debugIsOn,,1,
Util,axiomatize looksLikePackageName,,1,
Util,axiomatize makeRelativeTo,,1,
Util,Headers and types,97,38,16
